date,location,total_cases,new_cases,total_deaths,new_deaths
2020-01-05,India,0.0,0.0,0.0,0.0
2020-01-06,India,0.0,0.0,0.0,0.0
2020-01-07,India,0.0,0.0,0.0,0.0
2020-01-08,India,0.0,0.0,0.0,0.0
2020-01-09,India,0.0,0.0,0.0,0.0
2020-01-10,India,0.0,0.0,0.0,0.0
2020-01-11,India,0.0,0.0,0.0,0.0
2020-01-12,India,0.0,0.0,0.0,0.0
2020-01-13,India,0.0,0.0,0.0,0.0
2020-01-14,India,0.0,0.0,0.0,0.0
2020-01-15,India,0.0,0.0,0.0,0.0
2020-01-16,India,0.0,0.0,0.0,0.0
2020-01-17,India,0.0,0.0,0.0,0.0
2020-01-18,India,0.0,0.0,0.0,0.0
2020-01-19,India,0.0,0.0,0.0,0.0
2020-01-20,India,0.0,0.0,0.0,0.0
2020-01-21,India,0.0,0.0,0.0,0.0
2020-01-22,India,0.0,0.0,0.0,0.0
2020-01-23,India,0.0,0.0,0.0,0.0
2020-01-24,India,0.0,0.0,0.0,0.0
2020-01-25,India,0.0,0.0,0.0,0.0
2020-01-26,India,0.0,0.0,0.0,0.0
2020-01-27,India,0.0,0.0,0.0,0.0
2020-01-28,India,0.0,0.0,0.0,0.0
2020-01-29,India,0.0,0.0,0.0,0.0
2020-01-30,India,0.0,0.0,0.0,0.0
2020-01-31,India,0.0,0.0,0.0,0.0
2020-02-01,India,0.0,0.0,0.0,0.0
2020-02-02,India,2.0,2.0,0.0,0.0
2020-02-03,India,2.0,0.0,0.0,0.0
2020-02-04,India,2.0,0.0,0.0,0.0
2020-02-05,India,2.0,0.0,0.0,0.0
2020-02-06,India,2.0,0.0,0.0,0.0
2020-02-07,India,2.0,0.0,0.0,0.0
2020-02-08,India,2.0,0.0,0.0,0.0
2020-02-09,India,7.0,5.0,0.0,0.0
2020-02-10,India,7.0,0.0,0.0,0.0
2020-02-11,India,7.0,0.0,0.0,0.0
2020-02-12,India,7.0,0.0,0.0,0.0
2020-02-13,India,7.0,0.0,0.0,0.0
2020-02-14,India,7.0,0.0,0.0,0.0
2020-02-15,India,7.0,0.0,0.0,0.0
2020-02-16,India,7.0,0.0,0.0,0.0
2020-02-17,India,7.0,0.0,0.0,0.0
2020-02-18,India,7.0,0.0,0.0,0.0
2020-02-19,India,7.0,0.0,0.0,0.0
2020-02-20,India,7.0,0.0,0.0,0.0
2020-02-21,India,7.0,0.0,0.0,0.0
2020-02-22,India,7.0,0.0,0.0,0.0
2020-02-23,India,7.0,0.0,0.0,0.0
2020-02-24,India,7.0,0.0,0.0,0.0
2020-02-25,India,7.0,0.0,0.0,0.0
2020-02-26,India,7.0,0.0,0.0,0.0
2020-02-27,India,7.0,0.0,0.0,0.0
2020-02-28,India,7.0,0.0,0.0,0.0
2020-02-29,India,7.0,0.0,0.0,0.0
2020-03-01,India,7.0,0.0,0.0,0.0
2020-03-02,India,7.0,0.0,0.0,0.0
2020-03-03,India,7.0,0.0,0.0,0.0
2020-03-04,India,7.0,0.0,0.0,0.0
2020-03-05,India,7.0,0.0,0.0,0.0
2020-03-06,India,7.0,0.0,0.0,0.0
2020-03-07,India,7.0,0.0,0.0,0.0
2020-03-08,India,39.0,32.0,0.0,0.0
2020-03-09,India,39.0,0.0,0.0,0.0
2020-03-10,India,39.0,0.0,0.0,0.0
2020-03-11,India,39.0,0.0,0.0,0.0
2020-03-12,India,39.0,0.0,0.0,0.0
2020-03-13,India,39.0,0.0,0.0,0.0
2020-03-14,India,39.0,0.0,0.0,0.0
2020-03-15,India,107.0,68.0,2.0,2.0
2020-03-16,India,107.0,0.0,2.0,0.0
2020-03-17,India,107.0,0.0,2.0,0.0
2020-03-18,India,107.0,0.0,2.0,0.0
2020-03-19,India,107.0,0.0,2.0,0.0
2020-03-20,India,107.0,0.0,2.0,0.0
2020-03-21,India,107.0,0.0,2.0,0.0
2020-03-22,India,360.0,253.0,7.0,5.0
2020-03-23,India,360.0,0.0,7.0,0.0
2020-03-24,India,360.0,0.0,7.0,0.0
2020-03-25,India,360.0,0.0,7.0,0.0
2020-03-26,India,360.0,0.0,7.0,0.0
2020-03-27,India,360.0,0.0,7.0,0.0
2020-03-28,India,360.0,0.0,7.0,0.0
2020-03-29,India,979.0,619.0,25.0,18.0
2020-03-30,India,979.0,0.0,25.0,0.0
2020-03-31,India,979.0,0.0,25.0,0.0
2020-04-01,India,979.0,0.0,25.0,0.0
2020-04-02,India,979.0,0.0,25.0,0.0
2020-04-03,India,979.0,0.0,25.0,0.0
2020-04-04,India,979.0,0.0,25.0,0.0
2020-04-05,India,3374.0,2395.0,77.0,52.0
2020-04-06,India,3374.0,0.0,77.0,0.0
2020-04-07,India,3374.0,0.0,77.0,0.0
2020-04-08,India,3374.0,0.0,77.0,0.0
2020-04-09,India,3374.0,0.0,77.0,0.0
2020-04-10,India,3374.0,0.0,77.0,0.0
2020-04-11,India,3374.0,0.0,77.0,0.0
2020-04-12,India,8356.0,4982.0,273.0,196.0
2020-04-13,India,8356.0,0.0,273.0,0.0
2020-04-14,India,8356.0,0.0,273.0,0.0
2020-04-15,India,8356.0,0.0,273.0,0.0
2020-04-16,India,8356.0,0.0,273.0,0.0
2020-04-17,India,8356.0,0.0,273.0,0.0
2020-04-18,India,8356.0,0.0,273.0,0.0
2020-04-19,India,15712.0,7356.0,507.0,234.0
2020-04-20,India,15712.0,0.0,507.0,0.0
2020-04-21,India,15712.0,0.0,507.0,0.0
2020-04-22,India,15712.0,0.0,507.0,0.0
2020-04-23,India,15712.0,0.0,507.0,0.0
2020-04-24,India,15712.0,0.0,507.0,0.0
2020-04-25,India,15712.0,0.0,507.0,0.0
2020-04-26,India,26496.0,10784.0,824.0,317.0
2020-04-27,India,26496.0,0.0,824.0,0.0
2020-04-28,India,26496.0,0.0,824.0,0.0
2020-04-29,India,26496.0,0.0,824.0,0.0
2020-04-30,India,26496.0,0.0,824.0,0.0
2020-05-01,India,26496.0,0.0,824.0,0.0
2020-05-02,India,26496.0,0.0,824.0,0.0
2020-05-03,India,39980.0,13484.0,1301.0,477.0
2020-05-04,India,39980.0,0.0,1301.0,0.0
2020-05-05,India,39980.0,0.0,1301.0,0.0
2020-05-06,India,39980.0,0.0,1301.0,0.0
2020-05-07,India,39980.0,0.0,1301.0,0.0
2020-05-08,India,39980.0,0.0,1301.0,0.0
2020-05-09,India,39980.0,0.0,1301.0,0.0
2020-05-10,India,62939.0,22959.0,2109.0,808.0
2020-05-11,India,62939.0,0.0,2109.0,0.0
2020-05-12,India,62939.0,0.0,2109.0,0.0
2020-05-13,India,62939.0,0.0,2109.0,0.0
2020-05-14,India,62939.0,0.0,2109.0,0.0
2020-05-15,India,62939.0,0.0,2109.0,0.0
2020-05-16,India,62939.0,0.0,2109.0,0.0
2020-05-17,India,90927.0,27988.0,2872.0,763.0
2020-05-18,India,90927.0,0.0,2872.0,0.0
2020-05-19,India,90927.0,0.0,2872.0,0.0
2020-05-20,India,90927.0,0.0,2872.0,0.0
2020-05-21,India,90927.0,0.0,2872.0,0.0
2020-05-22,India,90927.0,0.0,2872.0,0.0
2020-05-23,India,90927.0,0.0,2872.0,0.0
2020-05-24,India,131868.0,40941.0,3867.0,995.0
2020-05-25,India,131868.0,0.0,3867.0,0.0
2020-05-26,India,131868.0,0.0,3867.0,0.0
2020-05-27,India,131868.0,0.0,3867.0,0.0
2020-05-28,India,131868.0,0.0,3867.0,0.0
2020-05-29,India,131868.0,0.0,3867.0,0.0
2020-05-30,India,131868.0,0.0,3867.0,0.0
2020-05-31,India,182143.0,50275.0,5164.0,1297.0
2020-06-01,India,182143.0,0.0,5164.0,0.0
2020-06-02,India,182143.0,0.0,5164.0,0.0
2020-06-03,India,182143.0,0.0,5164.0,0.0
2020-06-04,India,182143.0,0.0,5164.0,0.0
2020-06-05,India,182143.0,0.0,5164.0,0.0
2020-06-06,India,182143.0,0.0,5164.0,0.0
2020-06-07,India,246628.0,64485.0,6929.0,1765.0
2020-06-08,India,246628.0,0.0,6929.0,0.0
2020-06-09,India,246628.0,0.0,6929.0,0.0
2020-06-10,India,246628.0,0.0,6929.0,0.0
2020-06-11,India,246628.0,0.0,6929.0,0.0
2020-06-12,India,246628.0,0.0,6929.0,0.0
2020-06-13,India,246628.0,0.0,6929.0,0.0
2020-06-14,India,320922.0,74294.0,9195.0,2266.0
2020-06-15,India,320922.0,0.0,9195.0,0.0
2020-06-16,India,320922.0,0.0,9195.0,0.0
2020-06-17,India,320922.0,0.0,9195.0,0.0
2020-06-18,India,320922.0,0.0,9195.0,0.0
2020-06-19,India,320922.0,0.0,9195.0,0.0
2020-06-20,India,320922.0,0.0,9195.0,0.0
2020-06-21,India,410461.0,89539.0,13254.0,4059.0
2020-06-22,India,410461.0,0.0,13254.0,0.0
2020-06-23,India,410461.0,0.0,13254.0,0.0
2020-06-24,India,410461.0,0.0,13254.0,0.0
2020-06-25,India,410461.0,0.0,13254.0,0.0
2020-06-26,India,410461.0,0.0,13254.0,0.0
2020-06-27,India,410461.0,0.0,13254.0,0.0
2020-06-28,India,528859.0,118398.0,16095.0,2841.0
2020-06-29,India,528859.0,0.0,16095.0,0.0
2020-06-30,India,528859.0,0.0,16095.0,0.0
2020-07-01,India,528859.0,0.0,16095.0,0.0
2020-07-02,India,528859.0,0.0,16095.0,0.0
2020-07-03,India,528859.0,0.0,16095.0,0.0
2020-07-04,India,528859.0,0.0,16095.0,0.0
2020-07-05,India,673165.0,144306.0,19268.0,3173.0
2020-07-06,India,673165.0,0.0,19268.0,0.0
2020-07-07,India,673165.0,0.0,19268.0,0.0
2020-07-08,India,673165.0,0.0,19268.0,0.0
2020-07-09,India,673165.0,0.0,19268.0,0.0
2020-07-10,India,673165.0,0.0,19268.0,0.0
2020-07-11,India,673165.0,0.0,19268.0,0.0
2020-07-12,India,849553.0,176388.0,22674.0,3406.0
2020-07-13,India,849553.0,0.0,22674.0,0.0
2020-07-14,India,849553.0,0.0,22674.0,0.0
2020-07-15,India,849553.0,0.0,22674.0,0.0
2020-07-16,India,849553.0,0.0,22674.0,0.0
2020-07-17,India,849553.0,0.0,22674.0,0.0
2020-07-18,India,849553.0,0.0,22674.0,0.0
2020-07-19,India,1077618.0,228065.0,26816.0,4142.0
2020-07-20,India,1077618.0,0.0,26816.0,0.0
2020-07-21,India,1077618.0,0.0,26816.0,0.0
2020-07-22,India,1077618.0,0.0,26816.0,0.0
2020-07-23,India,1077618.0,0.0,26816.0,0.0
2020-07-24,India,1077618.0,0.0,26816.0,0.0
2020-07-25,India,1077618.0,0.0,26816.0,0.0
2020-07-26,India,1385522.0,307904.0,32063.0,5247.0
2020-07-27,India,1385522.0,0.0,32063.0,0.0
2020-07-28,India,1385522.0,0.0,32063.0,0.0
2020-07-29,India,1385522.0,0.0,32063.0,0.0
2020-07-30,India,1385522.0,0.0,32063.0,0.0
2020-07-31,India,1385522.0,0.0,32063.0,0.0
2020-08-01,India,1385522.0,0.0,32063.0,0.0
2020-08-02,India,1750723.0,365201.0,37364.0,5301.0
2020-08-03,India,1750723.0,0.0,37364.0,0.0
2020-08-04,India,1750723.0,0.0,37364.0,0.0
2020-08-05,India,1750723.0,0.0,37364.0,0.0
2020-08-06,India,1750723.0,0.0,37364.0,0.0
2020-08-07,India,1750723.0,0.0,37364.0,0.0
2020-08-08,India,1750723.0,0.0,37364.0,0.0
2020-08-09,India,2153010.0,402287.0,43379.0,6015.0
2020-08-10,India,2153010.0,0.0,43379.0,0.0
2020-08-11,India,2153010.0,0.0,43379.0,0.0
2020-08-12,India,2153010.0,0.0,43379.0,0.0
2020-08-13,India,2153010.0,0.0,43379.0,0.0
2020-08-14,India,2153010.0,0.0,43379.0,0.0
2020-08-15,India,2153010.0,0.0,43379.0,0.0
2020-08-16,India,2589682.0,436672.0,49980.0,6601.0
2020-08-17,India,2589682.0,0.0,49980.0,0.0
2020-08-18,India,2589682.0,0.0,49980.0,0.0
2020-08-19,India,2589682.0,0.0,49980.0,0.0
2020-08-20,India,2589682.0,0.0,49980.0,0.0
2020-08-21,India,2589682.0,0.0,49980.0,0.0
2020-08-22,India,2589682.0,0.0,49980.0,0.0
2020-08-23,India,3044940.0,455258.0,56706.0,6726.0
2020-08-24,India,3044940.0,0.0,56706.0,0.0
2020-08-25,India,3044940.0,0.0,56706.0,0.0
2020-08-26,India,3044940.0,0.0,56706.0,0.0
2020-08-27,India,3044940.0,0.0,56706.0,0.0
2020-08-28,India,3044940.0,0.0,56706.0,0.0
2020-08-29,India,3044940.0,0.0,56706.0,0.0
2020-08-30,India,3542733.0,497793.0,63498.0,6792.0
2020-08-31,India,3542733.0,0.0,63498.0,0.0
2020-09-01,India,3542733.0,0.0,63498.0,0.0
2020-09-02,India,3542733.0,0.0,63498.0,0.0
2020-09-03,India,3542733.0,0.0,63498.0,0.0
2020-09-04,India,3542733.0,0.0,63498.0,0.0
2020-09-05,India,3542733.0,0.0,63498.0,0.0
2020-09-06,India,4113811.0,571078.0,70626.0,7128.0
2020-09-07,India,4113811.0,0.0,70626.0,0.0
2020-09-08,India,4113811.0,0.0,70626.0,0.0
2020-09-09,India,4113811.0,0.0,70626.0,0.0
2020-09-10,India,4113811.0,0.0,70626.0,0.0
2020-09-11,India,4113811.0,0.0,70626.0,0.0
2020-09-12,India,4113811.0,0.0,70626.0,0.0
2020-09-13,India,4754356.0,640545.0,78586.0,7960.0
2020-09-14,India,4754356.0,0.0,78586.0,0.0
2020-09-15,India,4754356.0,0.0,78586.0,0.0
2020-09-16,India,4754356.0,0.0,78586.0,0.0
2020-09-17,India,4754356.0,0.0,78586.0,0.0
2020-09-18,India,4754356.0,0.0,78586.0,0.0
2020-09-19,India,4754356.0,0.0,78586.0,0.0
2020-09-20,India,5400619.0,646263.0,86752.0,8166.0
2020-09-21,India,5400619.0,0.0,86752.0,0.0
2020-09-22,India,5400619.0,0.0,86752.0,0.0
2020-09-23,India,5400619.0,0.0,86752.0,0.0
2020-09-24,India,5400619.0,0.0,86752.0,0.0
2020-09-25,India,5400619.0,0.0,86752.0,0.0
2020-09-26,India,5400619.0,0.0,86752.0,0.0
2020-09-27,India,5992532.0,591913.0,94503.0,7751.0
2020-09-28,India,5992532.0,0.0,94503.0,0.0
2020-09-29,India,5992532.0,0.0,94503.0,0.0
2020-09-30,India,5992532.0,0.0,94503.0,0.0
2020-10-01,India,5992532.0,0.0,94503.0,0.0
2020-10-02,India,5992532.0,0.0,94503.0,0.0
2020-10-03,India,5992532.0,0.0,94503.0,0.0
2020-10-04,India,6549373.0,556841.0,101782.0,7279.0
2020-10-05,India,6549373.0,0.0,101782.0,0.0
2020-10-06,India,6549373.0,0.0,101782.0,0.0
2020-10-07,India,6549373.0,0.0,101782.0,0.0
2020-10-08,India,6549373.0,0.0,101782.0,0.0
2020-10-09,India,6549373.0,0.0,101782.0,0.0
2020-10-10,India,6549373.0,0.0,101782.0,0.0
2020-10-11,India,7053806.0,504433.0,108334.0,6552.0
2020-10-12,India,7053806.0,0.0,108334.0,0.0
2020-10-13,India,7053806.0,0.0,108334.0,0.0
2020-10-14,India,7053806.0,0.0,108334.0,0.0
2020-10-15,India,7053806.0,0.0,108334.0,0.0
2020-10-16,India,7053806.0,0.0,108334.0,0.0
2020-10-17,India,7053806.0,0.0,108334.0,0.0
2020-10-18,India,7494551.0,440745.0,114031.0,5697.0
2020-10-19,India,7494551.0,0.0,114031.0,0.0
2020-10-20,India,7494551.0,0.0,114031.0,0.0
2020-10-21,India,7494551.0,0.0,114031.0,0.0
2020-10-22,India,7494551.0,0.0,114031.0,0.0
2020-10-23,India,7494551.0,0.0,114031.0,0.0
2020-10-24,India,7494551.0,0.0,114031.0,0.0
2020-10-25,India,7864811.0,370260.0,118534.0,4503.0
2020-10-26,India,7864811.0,0.0,118534.0,0.0
2020-10-27,India,7864811.0,0.0,118534.0,0.0
2020-10-28,India,7864811.0,0.0,118534.0,0.0
2020-10-29,India,7864811.0,0.0,118534.0,0.0
2020-10-30,India,7864811.0,0.0,118534.0,0.0
2020-10-31,India,7864811.0,0.0,118534.0,0.0
2020-11-01,India,8184082.0,319271.0,122111.0,3577.0
2020-11-02,India,8184082.0,0.0,122111.0,0.0
2020-11-03,India,8184082.0,0.0,122111.0,0.0
2020-11-04,India,8184082.0,0.0,122111.0,0.0
2020-11-05,India,8184082.0,0.0,122111.0,0.0
2020-11-06,India,8184082.0,0.0,122111.0,0.0
2020-11-07,India,8184082.0,0.0,122111.0,0.0
2020-11-08,India,8507754.0,323672.0,126121.0,4010.0
2020-11-09,India,8507754.0,0.0,126121.0,0.0
2020-11-10,India,8507754.0,0.0,126121.0,0.0
2020-11-11,India,8507754.0,0.0,126121.0,0.0
2020-11-12,India,8507754.0,0.0,126121.0,0.0
2020-11-13,India,8507754.0,0.0,126121.0,0.0
2020-11-14,India,8507754.0,0.0,126121.0,0.0
2020-11-15,India,8814579.0,306825.0,129635.0,3514.0
2020-11-16,India,8814579.0,0.0,129635.0,0.0
2020-11-17,India,8814579.0,0.0,129635.0,0.0
2020-11-18,India,8814579.0,0.0,129635.0,0.0
2020-11-19,India,8814579.0,0.0,129635.0,0.0
2020-11-20,India,8814579.0,0.0,129635.0,0.0
2020-11-21,India,8814579.0,0.0,129635.0,0.0
2020-11-22,India,9095806.0,281227.0,133227.0,3592.0
2020-11-23,India,9095806.0,0.0,133227.0,0.0
2020-11-24,India,9095806.0,0.0,133227.0,0.0
2020-11-25,India,9095806.0,0.0,133227.0,0.0
2020-11-26,India,9095806.0,0.0,133227.0,0.0
2020-11-27,India,9095806.0,0.0,133227.0,0.0
2020-11-28,India,9095806.0,0.0,133227.0,0.0
2020-11-29,India,9392919.0,297113.0,136696.0,3469.0
2020-11-30,India,9392919.0,0.0,136696.0,0.0
2020-12-01,India,9392919.0,0.0,136696.0,0.0
2020-12-02,India,9392919.0,0.0,136696.0,0.0
2020-12-03,India,9392919.0,0.0,136696.0,0.0
2020-12-04,India,9392919.0,0.0,136696.0,0.0
2020-12-05,India,9392919.0,0.0,136696.0,0.0
2020-12-06,India,9644222.0,251303.0,140182.0,3486.0
2020-12-07,India,9644222.0,0.0,140182.0,0.0
2020-12-08,India,9644222.0,0.0,140182.0,0.0
2020-12-09,India,9644222.0,0.0,140182.0,0.0
2020-12-10,India,9644222.0,0.0,140182.0,0.0
2020-12-11,India,9644222.0,0.0,140182.0,0.0
2020-12-12,India,9644222.0,0.0,140182.0,0.0
2020-12-13,India,9857029.0,212807.0,143019.0,2837.0
2020-12-14,India,9857029.0,0.0,143019.0,0.0
2020-12-15,India,9857029.0,0.0,143019.0,0.0
2020-12-16,India,9857029.0,0.0,143019.0,0.0
2020-12-17,India,9857029.0,0.0,143019.0,0.0
2020-12-18,India,9857029.0,0.0,143019.0,0.0
2020-12-19,India,9857029.0,0.0,143019.0,0.0
2020-12-20,India,10031223.0,174194.0,145477.0,2458.0
2020-12-21,India,10031223.0,0.0,145477.0,0.0
2020-12-22,India,10031223.0,0.0,145477.0,0.0
2020-12-23,India,10031223.0,0.0,145477.0,0.0
2020-12-24,India,10031223.0,0.0,145477.0,0.0
2020-12-25,India,10031223.0,0.0,145477.0,0.0
2020-12-26,India,10031223.0,0.0,145477.0,0.0
2020-12-27,India,10187850.0,156627.0,147622.0,2145.0
2020-12-28,India,10187850.0,0.0,147622.0,0.0
2020-12-29,India,10187850.0,0.0,147622.0,0.0
2020-12-30,India,10187850.0,0.0,147622.0,0.0
2020-12-31,India,10187850.0,0.0,147622.0,0.0
2021-01-01,India,10187850.0,0.0,147622.0,0.0
2021-01-02,India,10187850.0,0.0,147622.0,0.0
2021-01-03,India,10323965.0,136115.0,149435.0,1813.0
2021-01-04,India,10323965.0,0.0,149435.0,0.0
2021-01-05,India,10323965.0,0.0,149435.0,0.0
2021-01-06,India,10323965.0,0.0,149435.0,0.0
2021-01-07,India,10323965.0,0.0,149435.0,0.0
2021-01-08,India,10323965.0,0.0,149435.0,0.0
2021-01-09,India,10323965.0,0.0,149435.0,0.0
2021-01-10,India,10450284.0,126319.0,150999.0,1564.0
2021-01-11,India,10450284.0,0.0,150999.0,0.0
2021-01-12,India,10450284.0,0.0,150999.0,0.0
2021-01-13,India,10450284.0,0.0,150999.0,0.0
2021-01-14,India,10450284.0,0.0,150999.0,0.0
2021-01-15,India,10450284.0,0.0,150999.0,0.0
2021-01-16,India,10450284.0,0.0,150999.0,0.0
2021-01-17,India,10557985.0,107701.0,152274.0,1275.0
2021-01-18,India,10557985.0,0.0,152274.0,0.0
2021-01-19,India,10557985.0,0.0,152274.0,0.0
2021-01-20,India,10557985.0,0.0,152274.0,0.0
2021-01-21,India,10557985.0,0.0,152274.0,0.0
2021-01-22,India,10557985.0,0.0,152274.0,0.0
2021-01-23,India,10557985.0,0.0,152274.0,0.0
2021-01-24,India,10654533.0,96548.0,153339.0,1065.0
2021-01-25,India,10654533.0,0.0,153339.0,0.0
2021-01-26,India,10654533.0,0.0,153339.0,0.0
2021-01-27,India,10654533.0,0.0,153339.0,0.0
2021-01-28,India,10654533.0,0.0,153339.0,0.0
2021-01-29,India,10654533.0,0.0,153339.0,0.0
2021-01-30,India,10654533.0,0.0,153339.0,0.0
2021-01-31,India,10746183.0,91650.0,154274.0,935.0
2021-02-01,India,10746183.0,0.0,154274.0,0.0
2021-02-02,India,10746183.0,0.0,154274.0,0.0
2021-02-03,India,10746183.0,0.0,154274.0,0.0
2021-02-04,India,10746183.0,0.0,154274.0,0.0
2021-02-05,India,10746183.0,0.0,154274.0,0.0
2021-02-06,India,10746183.0,0.0,154274.0,0.0
2021-02-07,India,10826363.0,80180.0,154996.0,722.0
2021-02-08,India,10826363.0,0.0,154996.0,0.0
2021-02-09,India,10826363.0,0.0,154996.0,0.0
2021-02-10,India,10826363.0,0.0,154996.0,0.0
2021-02-11,India,10826363.0,0.0,154996.0,0.0
2021-02-12,India,10826363.0,0.0,154996.0,0.0
2021-02-13,India,10826363.0,0.0,154996.0,0.0
2021-02-14,India,10904940.0,78577.0,155642.0,646.0
2021-02-15,India,10904940.0,0.0,155642.0,0.0
2021-02-16,India,10904940.0,0.0,155642.0,0.0
2021-02-17,India,10904940.0,0.0,155642.0,0.0
2021-02-18,India,10904940.0,0.0,155642.0,0.0
2021-02-19,India,10904940.0,0.0,155642.0,0.0
2021-02-20,India,10904940.0,0.0,155642.0,0.0
2021-02-21,India,10991651.0,86711.0,156302.0,660.0
2021-02-22,India,10991651.0,0.0,156302.0,0.0
2021-02-23,India,10991651.0,0.0,156302.0,0.0
2021-02-24,India,10991651.0,0.0,156302.0,0.0
2021-02-25,India,10991651.0,0.0,156302.0,0.0
2021-02-26,India,10991651.0,0.0,156302.0,0.0
2021-02-27,India,10991651.0,0.0,156302.0,0.0
2021-02-28,India,11096731.0,105080.0,157051.0,749.0
2021-03-01,India,11096731.0,0.0,157051.0,0.0
2021-03-02,India,11096731.0,0.0,157051.0,0.0
2021-03-03,India,11096731.0,0.0,157051.0,0.0
2021-03-04,India,11096731.0,0.0,157051.0,0.0
2021-03-05,India,11096731.0,0.0,157051.0,0.0
2021-03-06,India,11096731.0,0.0,157051.0,0.0
2021-03-07,India,11210799.0,114068.0,157756.0,705.0
2021-03-08,India,11210799.0,0.0,157756.0,0.0
2021-03-09,India,11210799.0,0.0,157756.0,0.0
2021-03-10,India,11210799.0,0.0,157756.0,0.0
2021-03-11,India,11210799.0,0.0,157756.0,0.0
2021-03-12,India,11210799.0,0.0,157756.0,0.0
2021-03-13,India,11210799.0,0.0,157756.0,0.0
2021-03-14,India,11359048.0,148249.0,158607.0,851.0
2021-03-15,India,11359048.0,0.0,158607.0,0.0
2021-03-16,India,11359048.0,0.0,158607.0,0.0
2021-03-17,India,11359048.0,0.0,158607.0,0.0
2021-03-18,India,11359048.0,0.0,158607.0,0.0
2021-03-19,India,11359048.0,0.0,158607.0,0.0
2021-03-20,India,11359048.0,0.0,158607.0,0.0
2021-03-21,India,11599130.0,240082.0,159755.0,1148.0
2021-03-22,India,11599130.0,0.0,159755.0,0.0
2021-03-23,India,11599130.0,0.0,159755.0,0.0
2021-03-24,India,11599130.0,0.0,159755.0,0.0
2021-03-25,India,11599130.0,0.0,159755.0,0.0
2021-03-26,India,11599130.0,0.0,159755.0,0.0
2021-03-27,India,11599130.0,0.0,159755.0,0.0
2021-03-28,India,11971624.0,372494.0,161552.0,1797.0
2021-03-29,India,11971624.0,0.0,161552.0,0.0
2021-03-30,India,11971624.0,0.0,161552.0,0.0
2021-03-31,India,11971624.0,0.0,161552.0,0.0
2021-04-01,India,11971624.0,0.0,161552.0,0.0
2021-04-02,India,11971624.0,0.0,161552.0,0.0
2021-04-03,India,11971624.0,0.0,161552.0,0.0
2021-04-04,India,12485509.0,513885.0,164623.0,3071.0
2021-04-05,India,12485509.0,0.0,164623.0,0.0
2021-04-06,India,12485509.0,0.0,164623.0,0.0
2021-04-07,India,12485509.0,0.0,164623.0,0.0
2021-04-08,India,12485509.0,0.0,164623.0,0.0
2021-04-09,India,12485509.0,0.0,164623.0,0.0
2021-04-10,India,12485509.0,0.0,164623.0,0.0
2021-04-11,India,13358805.0,873296.0,169275.0,4652.0
2021-04-12,India,13358805.0,0.0,169275.0,0.0
2021-04-13,India,13358805.0,0.0,169275.0,0.0
2021-04-14,India,13358805.0,0.0,169275.0,0.0
2021-04-15,India,13358805.0,0.0,169275.0,0.0
2021-04-16,India,13358805.0,0.0,169275.0,0.0
2021-04-17,India,13358805.0,0.0,169275.0,0.0
2021-04-18,India,14788109.0,1429304.0,177150.0,7875.0
2021-04-19,India,14788109.0,0.0,177150.0,0.0
2021-04-20,India,14788109.0,0.0,177150.0,0.0
2021-04-21,India,14788109.0,0.0,177150.0,0.0
2021-04-22,India,14788109.0,0.0,177150.0,0.0
2021-04-23,India,14788109.0,0.0,177150.0,0.0
2021-04-24,India,14788109.0,0.0,177150.0,0.0
2021-04-25,India,16960172.0,2172063.0,192311.0,15161.0
2021-04-26,India,16960172.0,0.0,192311.0,0.0
2021-04-27,India,16960172.0,0.0,192311.0,0.0
2021-04-28,India,16960172.0,0.0,192311.0,0.0
2021-04-29,India,16960172.0,0.0,192311.0,0.0
2021-04-30,India,16960172.0,0.0,192311.0,0.0
2021-05-01,India,16960172.0,0.0,192311.0,0.0
2021-05-02,India,19557457.0,2597285.0,215542.0,23231.0
2021-05-03,India,19557457.0,0.0,215542.0,0.0
2021-05-04,India,19557457.0,0.0,215542.0,0.0
2021-05-05,India,19557457.0,0.0,215542.0,0.0
2021-05-06,India,19557457.0,0.0,215542.0,0.0
2021-05-07,India,19557457.0,0.0,215542.0,0.0
2021-05-08,India,19557457.0,0.0,215542.0,0.0
2021-05-09,India,22296414.0,2738957.0,242362.0,26820.0
2021-05-10,India,22296414.0,0.0,242362.0,0.0
2021-05-11,India,22296414.0,0.0,242362.0,0.0
2021-05-12,India,22296414.0,0.0,242362.0,0.0
2021-05-13,India,22296414.0,0.0,242362.0,0.0
2021-05-14,India,22296414.0,0.0,242362.0,0.0
2021-05-15,India,22296414.0,0.0,242362.0,0.0
2021-05-16,India,24684077.0,2387663.0,270284.0,27922.0
2021-05-17,India,24684077.0,0.0,270284.0,0.0
2021-05-18,India,24684077.0,0.0,270284.0,0.0
2021-05-19,India,24684077.0,0.0,270284.0,0.0
2021-05-20,India,24684077.0,0.0,270284.0,0.0
2021-05-21,India,24684077.0,0.0,270284.0,0.0
2021-05-22,India,24684077.0,0.0,270284.0,0.0
2021-05-23,India,26530132.0,1846055.0,299266.0,28982.0
2021-05-24,India,26530132.0,0.0,299266.0,0.0
2021-05-25,India,26530132.0,0.0,299266.0,0.0
2021-05-26,India,26530132.0,0.0,299266.0,0.0
2021-05-27,India,26530132.0,0.0,299266.0,0.0
2021-05-28,India,26530132.0,0.0,299266.0,0.0
2021-05-29,India,26530132.0,0.0,299266.0,0.0
2021-05-30,India,27894800.0,1364668.0,325972.0,26706.0
2021-05-31,India,27894800.0,0.0,325972.0,0.0
2021-06-01,India,27894800.0,0.0,325972.0,0.0
2021-06-02,India,27894800.0,0.0,325972.0,0.0
2021-06-03,India,27894800.0,0.0,325972.0,0.0
2021-06-04,India,27894800.0,0.0,325972.0,0.0
2021-06-05,India,27894800.0,0.0,325972.0,0.0
2021-06-06,India,28809339.0,914539.0,346759.0,20787.0
2021-06-07,India,28809339.0,0.0,346759.0,0.0
2021-06-08,India,28809339.0,0.0,346759.0,0.0
2021-06-09,India,28809339.0,0.0,346759.0,0.0
2021-06-10,India,28809339.0,0.0,346759.0,0.0
2021-06-11,India,28809339.0,0.0,346759.0,0.0
2021-06-12,India,28809339.0,0.0,346759.0,0.0
2021-06-13,India,29439989.0,630650.0,370384.0,23625.0
2021-06-14,India,29439989.0,0.0,370384.0,0.0
2021-06-15,India,29439989.0,0.0,370384.0,0.0
2021-06-16,India,29439989.0,0.0,370384.0,0.0
2021-06-17,India,29439989.0,0.0,370384.0,0.0
2021-06-18,India,29439989.0,0.0,370384.0,0.0
2021-06-19,India,29439989.0,0.0,370384.0,0.0
2021-06-20,India,29881965.0,441976.0,386713.0,16329.0
2021-06-21,India,29881965.0,0.0,386713.0,0.0
2021-06-22,India,29881965.0,0.0,386713.0,0.0
2021-06-23,India,29881965.0,0.0,386713.0,0.0
2021-06-24,India,29881965.0,0.0,386713.0,0.0
2021-06-25,India,29881965.0,0.0,386713.0,0.0
2021-06-26,India,29881965.0,0.0,386713.0,0.0
2021-06-27,India,30233183.0,351218.0,395751.0,9038.0
2021-06-28,India,30233183.0,0.0,395751.0,0.0
2021-06-29,India,30233183.0,0.0,395751.0,0.0
2021-06-30,India,30233183.0,0.0,395751.0,0.0
2021-07-01,India,30233183.0,0.0,395751.0,0.0
2021-07-02,India,30233183.0,0.0,395751.0,0.0
2021-07-03,India,30233183.0,0.0,395751.0,0.0
2021-07-04,India,30545433.0,312250.0,402005.0,6254.0
2021-07-05,India,30545433.0,0.0,402005.0,0.0
2021-07-06,India,30545433.0,0.0,402005.0,0.0
2021-07-07,India,30545433.0,0.0,402005.0,0.0
2021-07-08,India,30545433.0,0.0,402005.0,0.0
2021-07-09,India,30545433.0,0.0,402005.0,0.0
2021-07-10,India,30545433.0,0.0,402005.0,0.0
2021-07-11,India,30837222.0,291789.0,408040.0,6035.0
2021-07-12,India,30837222.0,0.0,408040.0,0.0
2021-07-13,India,30837222.0,0.0,408040.0,0.0
2021-07-14,India,30837222.0,0.0,408040.0,0.0
2021-07-15,India,30837222.0,0.0,408040.0,0.0
2021-07-16,India,30837222.0,0.0,408040.0,0.0
2021-07-17,India,30837222.0,0.0,408040.0,0.0
2021-07-18,India,31106065.0,268843.0,413609.0,5569.0
2021-07-19,India,31106065.0,0.0,413609.0,0.0
2021-07-20,India,31106065.0,0.0,413609.0,0.0
2021-07-21,India,31106065.0,0.0,413609.0,0.0
2021-07-22,India,31106065.0,0.0,413609.0,0.0
2021-07-23,India,31106065.0,0.0,413609.0,0.0
2021-07-24,India,31106065.0,0.0,413609.0,0.0
2021-07-25,India,31371901.0,265836.0,420551.0,6942.0
2021-07-26,India,31371901.0,0.0,420551.0,0.0
2021-07-27,India,31371901.0,0.0,420551.0,0.0
2021-07-28,India,31371901.0,0.0,420551.0,0.0
2021-07-29,India,31371901.0,0.0,420551.0,0.0
2021-07-30,India,31371901.0,0.0,420551.0,0.0
2021-07-31,India,31371901.0,0.0,420551.0,0.0
2021-08-01,India,31655824.0,283923.0,424351.0,3800.0
2021-08-02,India,31655824.0,0.0,424351.0,0.0
2021-08-03,India,31655824.0,0.0,424351.0,0.0
2021-08-04,India,31655824.0,0.0,424351.0,0.0
2021-08-05,India,31655824.0,0.0,424351.0,0.0
2021-08-06,India,31655824.0,0.0,424351.0,0.0
2021-08-07,India,31655824.0,0.0,424351.0,0.0
2021-08-08,India,31934455.0,278631.0,427862.0,3511.0
2021-08-09,India,31934455.0,0.0,427862.0,0.0
2021-08-10,India,31934455.0,0.0,427862.0,0.0
2021-08-11,India,31934455.0,0.0,427862.0,0.0
2021-08-12,India,31934455.0,0.0,427862.0,0.0
2021-08-13,India,31934455.0,0.0,427862.0,0.0
2021-08-14,India,31934455.0,0.0,427862.0,0.0
2021-08-15,India,32192576.0,258121.0,431225.0,3363.0
2021-08-16,India,32192576.0,0.0,431225.0,0.0
2021-08-17,India,32192576.0,0.0,431225.0,0.0
2021-08-18,India,32192576.0,0.0,431225.0,0.0
2021-08-19,India,32192576.0,0.0,431225.0,0.0
2021-08-20,India,32192576.0,0.0,431225.0,0.0
2021-08-21,India,32192576.0,0.0,431225.0,0.0
2021-08-22,India,32424234.0,231658.0,434367.0,3142.0
2021-08-23,India,32424234.0,0.0,434367.0,0.0
2021-08-24,India,32424234.0,0.0,434367.0,0.0
2021-08-25,India,32424234.0,0.0,434367.0,0.0
2021-08-26,India,32424234.0,0.0,434367.0,0.0
2021-08-27,India,32424234.0,0.0,434367.0,0.0
2021-08-28,India,32424234.0,0.0,434367.0,0.0
2021-08-29,India,32695030.0,270796.0,437830.0,3463.0
2021-08-30,India,32695030.0,0.0,437830.0,0.0
2021-08-31,India,32695030.0,0.0,437830.0,0.0
2021-09-01,India,32695030.0,0.0,437830.0,0.0
2021-09-02,India,32695030.0,0.0,437830.0,0.0
2021-09-03,India,32695030.0,0.0,437830.0,0.0
2021-09-04,India,32695030.0,0.0,437830.0,0.0
2021-09-05,India,32988673.0,293643.0,440533.0,2703.0
2021-09-06,India,32988673.0,0.0,440533.0,0.0
2021-09-07,India,32988673.0,0.0,440533.0,0.0
2021-09-08,India,32988673.0,0.0,440533.0,0.0
2021-09-09,India,32988673.0,0.0,440533.0,0.0
2021-09-10,India,32988673.0,0.0,440533.0,0.0
2021-09-11,India,32988673.0,0.0,440533.0,0.0
2021-09-12,India,33236921.0,248248.0,442655.0,2122.0
2021-09-13,India,33236921.0,0.0,442655.0,0.0
2021-09-14,India,33236921.0,0.0,442655.0,0.0
2021-09-15,India,33236921.0,0.0,442655.0,0.0
2021-09-16,India,33236921.0,0.0,442655.0,0.0
2021-09-17,India,33236921.0,0.0,442655.0,0.0
2021-09-18,India,33236921.0,0.0,442655.0,0.0
2021-09-19,India,33448163.0,211242.0,444838.0,2183.0
2021-09-20,India,33448163.0,0.0,444838.0,0.0
2021-09-21,India,33448163.0,0.0,444838.0,0.0
2021-09-22,India,33448163.0,0.0,444838.0,0.0
2021-09-23,India,33448163.0,0.0,444838.0,0.0
2021-09-24,India,33448163.0,0.0,444838.0,0.0
2021-09-25,India,33448163.0,0.0,444838.0,0.0
2021-09-26,India,33652745.0,204582.0,446918.0,2080.0
2021-09-27,India,33652745.0,0.0,446918.0,0.0
2021-09-28,India,33652745.0,0.0,446918.0,0.0
2021-09-29,India,33652745.0,0.0,446918.0,0.0
2021-09-30,India,33652745.0,0.0,446918.0,0.0
2021-10-01,India,33652745.0,0.0,446918.0,0.0
2021-10-02,India,33652745.0,0.0,446918.0,0.0
2021-10-03,India,33813903.0,161158.0,448817.0,1899.0
2021-10-04,India,33813903.0,0.0,448817.0,0.0
2021-10-05,India,33813903.0,0.0,448817.0,0.0
2021-10-06,India,33813903.0,0.0,448817.0,0.0
2021-10-07,India,33813903.0,0.0,448817.0,0.0
2021-10-08,India,33813903.0,0.0,448817.0,0.0
2021-10-09,India,33813903.0,0.0,448817.0,0.0
2021-10-10,India,33953475.0,139572.0,450589.0,1772.0
2021-10-11,India,33953475.0,0.0,450589.0,0.0
2021-10-12,India,33953475.0,0.0,450589.0,0.0
2021-10-13,India,33953475.0,0.0,450589.0,0.0
2021-10-14,India,33953475.0,0.0,450589.0,0.0
2021-10-15,India,33953475.0,0.0,450589.0,0.0
2021-10-16,India,33953475.0,0.0,450589.0,0.0
2021-10-17,India,34067719.0,114244.0,452124.0,1535.0
2021-10-18,India,34067719.0,0.0,452124.0,0.0
2021-10-19,India,34067719.0,0.0,452124.0,0.0
2021-10-20,India,34067719.0,0.0,452124.0,0.0
2021-10-21,India,34067719.0,0.0,452124.0,0.0
2021-10-22,India,34067719.0,0.0,452124.0,0.0
2021-10-23,India,34067719.0,0.0,452124.0,0.0
2021-10-24,India,34175468.0,107749.0,454269.0,2145.0
2021-10-25,India,34175468.0,0.0,454269.0,0.0
2021-10-26,India,34175468.0,0.0,454269.0,0.0
2021-10-27,India,34175468.0,0.0,454269.0,0.0
2021-10-28,India,34175468.0,0.0,454269.0,0.0
2021-10-29,India,34175468.0,0.0,454269.0,0.0
2021-10-30,India,34175468.0,0.0,454269.0,0.0
2021-10-31,India,34273300.0,97832.0,458186.0,3917.0
2021-11-01,India,34273300.0,0.0,458186.0,0.0
2021-11-02,India,34273300.0,0.0,458186.0,0.0
2021-11-03,India,34273300.0,0.0,458186.0,0.0
2021-11-04,India,34273300.0,0.0,458186.0,0.0
2021-11-05,India,34273300.0,0.0,458186.0,0.0
2021-11-06,India,34273300.0,0.0,458186.0,0.0
2021-11-07,India,34355536.0,82236.0,460791.0,2605.0
2021-11-08,India,34355536.0,0.0,460791.0,0.0
2021-11-09,India,34355536.0,0.0,460791.0,0.0
2021-11-10,India,34355536.0,0.0,460791.0,0.0
2021-11-11,India,34355536.0,0.0,460791.0,0.0
2021-11-12,India,34355536.0,0.0,460791.0,0.0
2021-11-13,India,34355536.0,0.0,460791.0,0.0
2021-11-14,India,34437307.0,81771.0,463530.0,2739.0
2021-11-15,India,34437307.0,0.0,463530.0,0.0
2021-11-16,India,34437307.0,0.0,463530.0,0.0
2021-11-17,India,34437307.0,0.0,463530.0,0.0
2021-11-18,India,34437307.0,0.0,463530.0,0.0
2021-11-19,India,34437307.0,0.0,463530.0,0.0
2021-11-20,India,34437307.0,0.0,463530.0,0.0
2021-11-21,India,34510413.0,73106.0,465662.0,2132.0
2021-11-22,India,34510413.0,0.0,465662.0,0.0
2021-11-23,India,34510413.0,0.0,465662.0,0.0
2021-11-24,India,34510413.0,0.0,465662.0,0.0
2021-11-25,India,34510413.0,0.0,465662.0,0.0
2021-11-26,India,34510413.0,0.0,465662.0,0.0
2021-11-27,India,34510413.0,0.0,465662.0,0.0
2021-11-28,India,34572523.0,62110.0,468554.0,2892.0
2021-11-29,India,34572523.0,0.0,468554.0,0.0
2021-11-30,India,34572523.0,0.0,468554.0,0.0
2021-12-01,India,34572523.0,0.0,468554.0,0.0
2021-12-02,India,34572523.0,0.0,468554.0,0.0
2021-12-03,India,34572523.0,0.0,468554.0,0.0
2021-12-04,India,34572523.0,0.0,468554.0,0.0
2021-12-05,India,34633255.0,60732.0,473326.0,4772.0
2021-12-06,India,34633255.0,0.0,473326.0,0.0
2021-12-07,India,34633255.0,0.0,473326.0,0.0
2021-12-08,India,34633255.0,0.0,473326.0,0.0
2021-12-09,India,34633255.0,0.0,473326.0,0.0
2021-12-10,India,34633255.0,0.0,473326.0,0.0
2021-12-11,India,34633255.0,0.0,473326.0,0.0
2021-12-12,India,34690510.0,57255.0,475434.0,2108.0
2021-12-13,India,34690510.0,0.0,475434.0,0.0
2021-12-14,India,34690510.0,0.0,475434.0,0.0
2021-12-15,India,34690510.0,0.0,475434.0,0.0
2021-12-16,India,34690510.0,0.0,475434.0,0.0
2021-12-17,India,34690510.0,0.0,475434.0,0.0
2021-12-18,India,34690510.0,0.0,475434.0,0.0
2021-12-19,India,34740275.0,49765.0,477422.0,1988.0
2021-12-20,India,34740275.0,0.0,477422.0,0.0
2021-12-21,India,34740275.0,0.0,477422.0,0.0
2021-12-22,India,34740275.0,0.0,477422.0,0.0
2021-12-23,India,34740275.0,0.0,477422.0,0.0
2021-12-24,India,34740275.0,0.0,477422.0,0.0
2021-12-25,India,34740275.0,0.0,477422.0,0.0
2021-12-26,India,34786802.0,46527.0,479682.0,2260.0
2021-12-27,India,34786802.0,0.0,479682.0,0.0
2021-12-28,India,34786802.0,0.0,479682.0,0.0
2021-12-29,India,34786802.0,0.0,479682.0,0.0
2021-12-30,India,34786802.0,0.0,479682.0,0.0
2021-12-31,India,34786802.0,0.0,479682.0,0.0
2022-01-01,India,34786802.0,0.0,479682.0,0.0
2022-01-02,India,34889132.0,102330.0,481770.0,2088.0
2022-01-03,India,34889132.0,0.0,481770.0,0.0
2022-01-04,India,34889132.0,0.0,481770.0,0.0
2022-01-05,India,34889132.0,0.0,481770.0,0.0
2022-01-06,India,34889132.0,0.0,481770.0,0.0
2022-01-07,India,34889132.0,0.0,481770.0,0.0
2022-01-08,India,34889132.0,0.0,481770.0,0.0
2022-01-09,India,35528004.0,638872.0,483790.0,2020.0
2022-01-10,India,35528004.0,0.0,483790.0,0.0
2022-01-11,India,35528004.0,0.0,483790.0,0.0
2022-01-12,India,35528004.0,0.0,483790.0,0.0
2022-01-13,India,35528004.0,0.0,483790.0,0.0
2022-01-14,India,35528004.0,0.0,483790.0,0.0
2022-01-15,India,35528004.0,0.0,483790.0,0.0
2022-01-16,India,37122164.0,1594160.0,486066.0,2276.0
2022-01-17,India,37122164.0,0.0,486066.0,0.0
2022-01-18,India,37122164.0,0.0,486066.0,0.0
2022-01-19,India,37122164.0,0.0,486066.0,0.0
2022-01-20,India,37122164.0,0.0,486066.0,0.0
2022-01-21,India,37122164.0,0.0,486066.0,0.0
2022-01-22,India,37122164.0,0.0,486066.0,0.0
2022-01-23,India,39237264.0,2115100.0,489409.0,3343.0
2022-01-24,India,39237264.0,0.0,489409.0,0.0
2022-01-25,India,39237264.0,0.0,489409.0,0.0
2022-01-26,India,39237264.0,0.0,489409.0,0.0
2022-01-27,India,39237264.0,0.0,489409.0,0.0
2022-01-28,India,39237264.0,0.0,489409.0,0.0
2022-01-29,India,39237264.0,0.0,489409.0,0.0
2022-01-30,India,41092522.0,1855258.0,494091.0,4682.0
2022-01-31,India,41092522.0,0.0,494091.0,0.0
2022-02-01,India,41092522.0,0.0,494091.0,0.0
2022-02-02,India,41092522.0,0.0,494091.0,0.0
2022-02-03,India,41092522.0,0.0,494091.0,0.0
2022-02-04,India,41092522.0,0.0,494091.0,0.0
2022-02-05,India,41092522.0,0.0,494091.0,0.0
2022-02-06,India,42188138.0,1095616.0,501979.0,7888.0
2022-02-07,India,42188138.0,0.0,501979.0,0.0
2022-02-08,India,42188138.0,0.0,501979.0,0.0
2022-02-09,India,42188138.0,0.0,501979.0,0.0
2022-02-10,India,42188138.0,0.0,501979.0,0.0
2022-02-11,India,42188138.0,0.0,501979.0,0.0
2022-02-12,India,42188138.0,0.0,501979.0,0.0
2022-02-13,India,42631421.0,443283.0,508665.0,6686.0
2022-02-14,India,42631421.0,0.0,508665.0,0.0
2022-02-15,India,42631421.0,0.0,508665.0,0.0
2022-02-16,India,42631421.0,0.0,508665.0,0.0
2022-02-17,India,42631421.0,0.0,508665.0,0.0
2022-02-18,India,42631421.0,0.0,508665.0,0.0
2022-02-19,India,42631421.0,0.0,508665.0,0.0
2022-02-20,India,42822473.0,191052.0,511903.0,3238.0
2022-02-21,India,42822473.0,0.0,511903.0,0.0
2022-02-22,India,42822473.0,0.0,511903.0,0.0
2022-02-23,India,42822473.0,0.0,511903.0,0.0
2022-02-24,India,42822473.0,0.0,511903.0,0.0
2022-02-25,India,42822473.0,0.0,511903.0,0.0
2022-02-26,India,42822473.0,0.0,511903.0,0.0
2022-02-27,India,42916117.0,93644.0,513724.0,1821.0
2022-02-28,India,42916117.0,0.0,513724.0,0.0
2022-03-01,India,42916117.0,0.0,513724.0,0.0
2022-03-02,India,42916117.0,0.0,513724.0,0.0
2022-03-03,India,42916117.0,0.0,513724.0,0.0
2022-03-04,India,42916117.0,0.0,513724.0,0.0
2022-03-05,India,42916117.0,0.0,513724.0,0.0
2022-03-06,India,42962953.0,46836.0,515036.0,1312.0
2022-03-07,India,42962953.0,0.0,515036.0,0.0
2022-03-08,India,42962953.0,0.0,515036.0,0.0
2022-03-09,India,42962953.0,0.0,515036.0,0.0
2022-03-10,India,42962953.0,0.0,515036.0,0.0
2022-03-11,India,42962953.0,0.0,515036.0,0.0
2022-03-12,India,42962953.0,0.0,515036.0,0.0
2022-03-13,India,42990991.0,28038.0,515850.0,814.0
2022-03-14,India,42990991.0,0.0,515850.0,0.0
2022-03-15,India,42990991.0,0.0,515850.0,0.0
2022-03-16,India,42990991.0,0.0,515850.0,0.0
2022-03-17,India,42990991.0,0.0,515850.0,0.0
2022-03-18,India,42990991.0,0.0,515850.0,0.0
2022-03-19,India,42990991.0,0.0,515850.0,0.0
2022-03-20,India,43007841.0,16850.0,516479.0,629.0
2022-03-21,India,43007841.0,0.0,516479.0,0.0
2022-03-22,India,43007841.0,0.0,516479.0,0.0
2022-03-23,India,43007841.0,0.0,516479.0,0.0
2022-03-24,India,43007841.0,0.0,516479.0,0.0
2022-03-25,India,43007841.0,0.0,516479.0,0.0
2022-03-26,India,43007841.0,0.0,516479.0,0.0
2022-03-27,India,43019453.0,11612.0,521004.0,4525.0
2022-03-28,India,43019453.0,0.0,521004.0,0.0
2022-03-29,India,43019453.0,0.0,521004.0,0.0
2022-03-30,India,43019453.0,0.0,521004.0,0.0
2022-03-31,India,43019453.0,0.0,521004.0,0.0
2022-04-01,India,43019453.0,0.0,521004.0,0.0
2022-04-02,India,43019453.0,0.0,521004.0,0.0
2022-04-03,India,43028131.0,8678.0,521345.0,341.0
2022-04-04,India,43028131.0,0.0,521345.0,0.0
2022-04-05,India,43028131.0,0.0,521345.0,0.0
2022-04-06,India,43028131.0,0.0,521345.0,0.0
2022-04-07,India,43028131.0,0.0,521345.0,0.0
2022-04-08,India,43028131.0,0.0,521345.0,0.0
2022-04-09,India,43028131.0,0.0,521345.0,0.0
2022-04-10,India,43035271.0,7140.0,521685.0,340.0
2022-04-11,India,43035271.0,0.0,521685.0,0.0
2022-04-12,India,43035271.0,0.0,521685.0,0.0
2022-04-13,India,43035271.0,0.0,521685.0,0.0
2022-04-14,India,43035271.0,0.0,521685.0,0.0
2022-04-15,India,43035271.0,0.0,521685.0,0.0
2022-04-16,India,43035271.0,0.0,521685.0,0.0
2022-04-17,India,43042097.0,6826.0,521751.0,66.0
2022-04-18,India,43042097.0,0.0,521751.0,0.0
2022-04-19,India,43042097.0,0.0,521751.0,0.0
2022-04-20,India,43042097.0,0.0,521751.0,0.0
2022-04-21,India,43042097.0,0.0,521751.0,0.0
2022-04-22,India,43042097.0,0.0,521751.0,0.0
2022-04-23,India,43042097.0,0.0,521751.0,0.0
2022-04-24,India,43057545.0,15448.0,522193.0,442.0
2022-04-25,India,43057545.0,0.0,522193.0,0.0
2022-04-26,India,43057545.0,0.0,522193.0,0.0
2022-04-27,India,43057545.0,0.0,522193.0,0.0
2022-04-28,India,43057545.0,0.0,522193.0,0.0
2022-04-29,India,43057545.0,0.0,522193.0,0.0
2022-04-30,India,43057545.0,0.0,522193.0,0.0
2022-05-01,India,43079188.0,21643.0,523843.0,1650.0
2022-05-02,India,43079188.0,0.0,523843.0,0.0
2022-05-03,India,43079188.0,0.0,523843.0,0.0
2022-05-04,India,43079188.0,0.0,523843.0,0.0
2022-05-05,India,43079188.0,0.0,523843.0,0.0
2022-05-06,India,43079188.0,0.0,523843.0,0.0
2022-05-07,India,43079188.0,0.0,523843.0,0.0
2022-05-08,India,43102194.0,23006.0,524064.0,221.0
2022-05-09,India,43102194.0,0.0,524064.0,0.0
2022-05-10,India,43102194.0,0.0,524064.0,0.0
2022-05-11,India,43102194.0,0.0,524064.0,0.0
2022-05-12,India,43102194.0,0.0,524064.0,0.0
2022-05-13,India,43102194.0,0.0,524064.0,0.0
2022-05-14,India,43102194.0,0.0,524064.0,0.0
2022-05-15,India,43121599.0,19405.0,524214.0,150.0
2022-05-16,India,43121599.0,0.0,524214.0,0.0
2022-05-17,India,43121599.0,0.0,524214.0,0.0
2022-05-18,India,43121599.0,0.0,524214.0,0.0
2022-05-19,India,43121599.0,0.0,524214.0,0.0
2022-05-20,India,43121599.0,0.0,524214.0,0.0
2022-05-21,India,43121599.0,0.0,524214.0,0.0
2022-05-22,India,43136371.0,14772.0,524413.0,199.0
2022-05-23,India,43136371.0,0.0,524413.0,0.0
2022-05-24,India,43136371.0,0.0,524413.0,0.0
2022-05-25,India,43136371.0,0.0,524413.0,0.0
2022-05-26,India,43136371.0,0.0,524413.0,0.0
2022-05-27,India,43136371.0,0.0,524413.0,0.0
2022-05-28,India,43136371.0,0.0,524413.0,0.0
2022-05-29,India,43153043.0,16672.0,524586.0,173.0
2022-05-30,India,43153043.0,0.0,524586.0,0.0
2022-05-31,India,43153043.0,0.0,524586.0,0.0
2022-06-01,India,43153043.0,0.0,524586.0,0.0
2022-06-02,India,43153043.0,0.0,524586.0,0.0
2022-06-03,India,43153043.0,0.0,524586.0,0.0
2022-06-04,India,43153043.0,0.0,524586.0,0.0
2022-06-05,India,43176817.0,23774.0,524692.0,106.0
2022-06-06,India,43176817.0,0.0,524692.0,0.0
2022-06-07,India,43176817.0,0.0,524692.0,0.0
2022-06-08,India,43176817.0,0.0,524692.0,0.0
2022-06-09,India,43176817.0,0.0,524692.0,0.0
2022-06-10,India,43176817.0,0.0,524692.0,0.0
2022-06-11,India,43176817.0,0.0,524692.0,0.0
2022-06-12,India,43222017.0,45200.0,524761.0,69.0
2022-06-13,India,43222017.0,0.0,524761.0,0.0
2022-06-14,India,43222017.0,0.0,524761.0,0.0
2022-06-15,India,43222017.0,0.0,524761.0,0.0
2022-06-16,India,43222017.0,0.0,524761.0,0.0
2022-06-17,India,43222017.0,0.0,524761.0,0.0
2022-06-18,India,43222017.0,0.0,524761.0,0.0
2022-06-19,India,43296692.0,74675.0,524855.0,94.0
2022-06-20,India,43296692.0,0.0,524855.0,0.0
2022-06-21,India,43296692.0,0.0,524855.0,0.0
2022-06-22,India,43296692.0,0.0,524855.0,0.0
2022-06-23,India,43296692.0,0.0,524855.0,0.0
2022-06-24,India,43296692.0,0.0,524855.0,0.0
2022-06-25,India,43296692.0,0.0,524855.0,0.0
2022-06-26,India,43389973.0,93281.0,524999.0,144.0
2022-06-27,India,43389973.0,0.0,524999.0,0.0
2022-06-28,India,43389973.0,0.0,524999.0,0.0
2022-06-29,India,43389973.0,0.0,524999.0,0.0
2022-06-30,India,43389973.0,0.0,524999.0,0.0
2022-07-01,India,43389973.0,0.0,524999.0,0.0
2022-07-02,India,43389973.0,0.0,524999.0,0.0
2022-07-03,India,43502429.0,112456.0,525199.0,200.0
2022-07-04,India,43502429.0,0.0,525199.0,0.0
2022-07-05,India,43502429.0,0.0,525199.0,0.0
2022-07-06,India,43502429.0,0.0,525199.0,0.0
2022-07-07,India,43502429.0,0.0,525199.0,0.0
2022-07-08,India,43502429.0,0.0,525199.0,0.0
2022-07-09,India,43502429.0,0.0,525199.0,0.0
2022-07-10,India,43622651.0,120222.0,525428.0,229.0
2022-07-11,India,43622651.0,0.0,525428.0,0.0
2022-07-12,India,43622651.0,0.0,525428.0,0.0
2022-07-13,India,43622651.0,0.0,525428.0,0.0
2022-07-14,India,43622651.0,0.0,525428.0,0.0
2022-07-15,India,43622651.0,0.0,525428.0,0.0
2022-07-16,India,43622651.0,0.0,525428.0,0.0
2022-07-17,India,43750599.0,127948.0,525709.0,281.0
2022-07-18,India,43750599.0,0.0,525709.0,0.0
2022-07-19,India,43750599.0,0.0,525709.0,0.0
2022-07-20,India,43750599.0,0.0,525709.0,0.0
2022-07-21,India,43750599.0,0.0,525709.0,0.0
2022-07-22,India,43750599.0,0.0,525709.0,0.0
2022-07-23,India,43750599.0,0.0,525709.0,0.0
2022-07-24,India,43888755.0,138156.0,526033.0,324.0
2022-07-25,India,43888755.0,0.0,526033.0,0.0
2022-07-26,India,43888755.0,0.0,526033.0,0.0
2022-07-27,India,43888755.0,0.0,526033.0,0.0
2022-07-28,India,43888755.0,0.0,526033.0,0.0
2022-07-29,India,43888755.0,0.0,526033.0,0.0
2022-07-30,India,43888755.0,0.0,526033.0,0.0
2022-07-31,India,44019811.0,131056.0,526357.0,324.0
2022-08-01,India,44019811.0,0.0,526357.0,0.0
2022-08-02,India,44019811.0,0.0,526357.0,0.0
2022-08-03,India,44019811.0,0.0,526357.0,0.0
2022-08-04,India,44019811.0,0.0,526357.0,0.0
2022-08-05,India,44019811.0,0.0,526357.0,0.0
2022-08-06,India,44019811.0,0.0,526357.0,0.0
2022-08-07,India,44145732.0,125921.0,526689.0,332.0
2022-08-08,India,44145732.0,0.0,526689.0,0.0
2022-08-09,India,44145732.0,0.0,526689.0,0.0
2022-08-10,India,44145732.0,0.0,526689.0,0.0
2022-08-11,India,44145732.0,0.0,526689.0,0.0
2022-08-12,India,44145732.0,0.0,526689.0,0.0
2022-08-13,India,44145732.0,0.0,526689.0,0.0
2022-08-14,India,44253464.0,107732.0,527037.0,348.0
2022-08-15,India,44253464.0,0.0,527037.0,0.0
2022-08-16,India,44253464.0,0.0,527037.0,0.0
2022-08-17,India,44253464.0,0.0,527037.0,0.0
2022-08-18,India,44253464.0,0.0,527037.0,0.0
2022-08-19,India,44253464.0,0.0,527037.0,0.0
2022-08-20,India,44253464.0,0.0,527037.0,0.0
2022-08-21,India,44339429.0,85965.0,527332.0,295.0
2022-08-22,India,44339429.0,0.0,527332.0,0.0
2022-08-23,India,44339429.0,0.0,527332.0,0.0
2022-08-24,India,44339429.0,0.0,527332.0,0.0
2022-08-25,India,44339429.0,0.0,527332.0,0.0
2022-08-26,India,44339429.0,0.0,527332.0,0.0
2022-08-27,India,44339429.0,0.0,527332.0,0.0
2022-08-28,India,44408132.0,68703.0,527754.0,422.0
2022-08-29,India,44408132.0,0.0,527754.0,0.0
2022-08-30,India,44408132.0,0.0,527754.0,0.0
2022-08-31,India,44408132.0,0.0,527754.0,0.0
2022-09-01,India,44408132.0,0.0,527754.0,0.0
2022-09-02,India,44408132.0,0.0,527754.0,0.0
2022-09-03,India,44408132.0,0.0,527754.0,0.0
2022-09-04,India,44456535.0,48403.0,527991.0,237.0
2022-09-05,India,44456535.0,0.0,527991.0,0.0
2022-09-06,India,44456535.0,0.0,527991.0,0.0
2022-09-07,India,44456535.0,0.0,527991.0,0.0
2022-09-08,India,44456535.0,0.0,527991.0,0.0
2022-09-09,India,44456535.0,0.0,527991.0,0.0
2022-09-10,India,44456535.0,0.0,527991.0,0.0
2022-09-11,India,44495359.0,38824.0,528150.0,159.0
2022-09-12,India,44495359.0,0.0,528150.0,0.0
2022-09-13,India,44495359.0,0.0,528150.0,0.0
2022-09-14,India,44495359.0,0.0,528150.0,0.0
2022-09-15,India,44495359.0,0.0,528150.0,0.0
2022-09-16,India,44495359.0,0.0,528150.0,0.0
2022-09-17,India,44495359.0,0.0,528150.0,0.0
2022-09-18,India,44534188.0,38829.0,528337.0,187.0
2022-09-19,India,44534188.0,0.0,528337.0,0.0
2022-09-20,India,44534188.0,0.0,528337.0,0.0
2022-09-21,India,44534188.0,0.0,528337.0,0.0
2022-09-22,India,44534188.0,0.0,528337.0,0.0
2022-09-23,India,44534188.0,0.0,528337.0,0.0
2022-09-24,India,44534188.0,0.0,528337.0,0.0
2022-09-25,India,44568114.0,33926.0,528510.0,173.0
2022-09-26,India,44568114.0,0.0,528510.0,0.0
2022-09-27,India,44568114.0,0.0,528510.0,0.0
2022-09-28,India,44568114.0,0.0,528510.0,0.0
2022-09-29,India,44568114.0,0.0,528510.0,0.0
2022-09-30,India,44568114.0,0.0,528510.0,0.0
2022-10-01,India,44568114.0,0.0,528510.0,0.0
2022-10-02,India,44594487.0,26373.0,528673.0,163.0
2022-10-03,India,44594487.0,0.0,528673.0,0.0
2022-10-04,India,44594487.0,0.0,528673.0,0.0
2022-10-05,India,44594487.0,0.0,528673.0,0.0
2022-10-06,India,44594487.0,0.0,528673.0,0.0
2022-10-07,India,44594487.0,0.0,528673.0,0.0
2022-10-08,India,44594487.0,0.0,528673.0,0.0
2022-10-09,India,44612013.0,17526.0,528799.0,126.0
2022-10-10,India,44612013.0,0.0,528799.0,0.0
2022-10-11,India,44612013.0,0.0,528799.0,0.0
2022-10-12,India,44612013.0,0.0,528799.0,0.0
2022-10-13,India,44612013.0,0.0,528799.0,0.0
2022-10-14,India,44612013.0,0.0,528799.0,0.0
2022-10-15,India,44612013.0,0.0,528799.0,0.0
2022-10-16,India,44628828.0,16815.0,528895.0,96.0
2022-10-17,India,44628828.0,0.0,528895.0,0.0
2022-10-18,India,44628828.0,0.0,528895.0,0.0
2022-10-19,India,44628828.0,0.0,528895.0,0.0
2022-10-20,India,44628828.0,0.0,528895.0,0.0
2022-10-21,India,44628828.0,0.0,528895.0,0.0
2022-10-22,India,44628828.0,0.0,528895.0,0.0
2022-10-23,India,44642742.0,13914.0,528961.0,66.0
2022-10-24,India,44642742.0,0.0,528961.0,0.0
2022-10-25,India,44642742.0,0.0,528961.0,0.0
2022-10-26,India,44642742.0,0.0,528961.0,0.0
2022-10-27,India,44642742.0,0.0,528961.0,0.0
2022-10-28,India,44642742.0,0.0,528961.0,0.0
2022-10-29,India,44642742.0,0.0,528961.0,0.0
2022-10-30,India,44652266.0,9524.0,529016.0,55.0
2022-10-31,India,44652266.0,0.0,529016.0,0.0
2022-11-01,India,44652266.0,0.0,529016.0,0.0
2022-11-02,India,44652266.0,0.0,529016.0,0.0
2022-11-03,India,44652266.0,0.0,529016.0,0.0
2022-11-04,India,44652266.0,0.0,529016.0,0.0
2022-11-05,India,44652266.0,0.0,529016.0,0.0
2022-11-06,India,44660579.0,8313.0,530500.0,1484.0
2022-11-07,India,44660579.0,0.0,530500.0,0.0
2022-11-08,India,44660579.0,0.0,530500.0,0.0
2022-11-09,India,44660579.0,0.0,530500.0,0.0
2022-11-10,India,44660579.0,0.0,530500.0,0.0
2022-11-11,India,44660579.0,0.0,530500.0,0.0
2022-11-12,India,44660579.0,0.0,530500.0,0.0
2022-11-13,India,44666377.0,5798.0,530531.0,31.0
2022-11-14,India,44666377.0,0.0,530531.0,0.0
2022-11-15,India,44666377.0,0.0,530531.0,0.0
2022-11-16,India,44666377.0,0.0,530531.0,0.0
2022-11-17,India,44666377.0,0.0,530531.0,0.0
2022-11-18,India,44666377.0,0.0,530531.0,0.0
2022-11-19,India,44666377.0,0.0,530531.0,0.0
2022-11-20,India,44669015.0,2638.0,530574.0,43.0
2022-11-21,India,44669015.0,0.0,530574.0,0.0
2022-11-22,India,44669015.0,0.0,530574.0,0.0
2022-11-23,India,44669015.0,0.0,530574.0,0.0
2022-11-24,India,44669015.0,0.0,530574.0,0.0
2022-11-25,India,44669015.0,0.0,530574.0,0.0
2022-11-26,India,44669015.0,0.0,530574.0,0.0
2022-11-27,India,44671562.0,2547.0,530612.0,38.0
2022-11-28,India,44671562.0,0.0,530612.0,0.0
2022-11-29,India,44671562.0,0.0,530612.0,0.0
2022-11-30,India,44671562.0,0.0,530612.0,0.0
2022-12-01,India,44671562.0,0.0,530612.0,0.0
2022-12-02,India,44671562.0,0.0,530612.0,0.0
2022-12-03,India,44671562.0,0.0,530612.0,0.0
2022-12-04,India,44673392.0,1830.0,530628.0,16.0
2022-12-05,India,44673392.0,0.0,530628.0,0.0
2022-12-06,India,44673392.0,0.0,530628.0,0.0
2022-12-07,India,44673392.0,0.0,530628.0,0.0
2022-12-08,India,44673392.0,0.0,530628.0,0.0
2022-12-09,India,44673392.0,0.0,530628.0,0.0
2022-12-10,India,44673392.0,0.0,530628.0,0.0
2022-12-11,India,44674822.0,1430.0,530658.0,30.0
2022-12-12,India,44674822.0,0.0,530658.0,0.0
2022-12-13,India,44674822.0,0.0,530658.0,0.0
2022-12-14,India,44674822.0,0.0,530658.0,0.0
2022-12-15,India,44674822.0,0.0,530658.0,0.0
2022-12-16,India,44674822.0,0.0,530658.0,0.0
2022-12-17,India,44674822.0,0.0,530658.0,0.0
2022-12-18,India,44675952.0,1130.0,530672.0,14.0
2022-12-19,India,44675952.0,0.0,530672.0,0.0
2022-12-20,India,44675952.0,0.0,530672.0,0.0
2022-12-21,India,44675952.0,0.0,530672.0,0.0
2022-12-22,India,44675952.0,0.0,530672.0,0.0
2022-12-23,India,44675952.0,0.0,530672.0,0.0
2022-12-24,India,44675952.0,0.0,530672.0,0.0
2022-12-25,India,44677106.0,1154.0,530693.0,21.0
2022-12-26,India,44677106.0,0.0,530693.0,0.0
2022-12-27,India,44677106.0,0.0,530693.0,0.0
2022-12-28,India,44677106.0,0.0,530693.0,0.0
2022-12-29,India,44677106.0,0.0,530693.0,0.0
2022-12-30,India,44677106.0,0.0,530693.0,0.0
2022-12-31,India,44677106.0,0.0,530693.0,0.0
2023-01-01,India,44678649.0,1543.0,530705.0,12.0
2023-01-02,India,44678649.0,0.0,530705.0,0.0
2023-01-03,India,44678649.0,0.0,530705.0,0.0
2023-01-04,India,44678649.0,0.0,530705.0,0.0
2023-01-05,India,44678649.0,0.0,530705.0,0.0
2023-01-06,India,44678649.0,0.0,530705.0,0.0
2023-01-07,India,44678649.0,0.0,530705.0,0.0
2023-01-08,India,44679924.0,1275.0,530720.0,15.0
2023-01-09,India,44679924.0,0.0,530720.0,0.0
2023-01-10,India,44679924.0,0.0,530720.0,0.0
2023-01-11,India,44679924.0,0.0,530720.0,0.0
2023-01-12,India,44679924.0,0.0,530720.0,0.0
2023-01-13,India,44679924.0,0.0,530720.0,0.0
2023-01-14,India,44679924.0,0.0,530720.0,0.0
2023-01-15,India,44681040.0,1116.0,530726.0,6.0
2023-01-16,India,44681040.0,0.0,530726.0,0.0
2023-01-17,India,44681040.0,0.0,530726.0,0.0
2023-01-18,India,44681040.0,0.0,530726.0,0.0
2023-01-19,India,44681040.0,0.0,530726.0,0.0
2023-01-20,India,44681040.0,0.0,530726.0,0.0
2023-01-21,India,44681040.0,0.0,530726.0,0.0
2023-01-22,India,44681921.0,881.0,530733.0,7.0
2023-01-23,India,44681921.0,0.0,530733.0,0.0
2023-01-24,India,44681921.0,0.0,530733.0,0.0
2023-01-25,India,44681921.0,0.0,530733.0,0.0
2023-01-26,India,44681921.0,0.0,530733.0,0.0
2023-01-27,India,44681921.0,0.0,530733.0,0.0
2023-01-28,India,44681921.0,0.0,530733.0,0.0
2023-01-29,India,44682639.0,718.0,530740.0,7.0
2023-01-30,India,44682639.0,0.0,530740.0,0.0
2023-01-31,India,44682639.0,0.0,530740.0,0.0
2023-02-01,India,44682639.0,0.0,530740.0,0.0
2023-02-02,India,44682639.0,0.0,530740.0,0.0
2023-02-03,India,44682639.0,0.0,530740.0,0.0
2023-02-04,India,44682639.0,0.0,530740.0,0.0
2023-02-05,India,44683363.0,724.0,530745.0,5.0
2023-02-06,India,44683363.0,0.0,530745.0,0.0
2023-02-07,India,44683363.0,0.0,530745.0,0.0
2023-02-08,India,44683363.0,0.0,530745.0,0.0
2023-02-09,India,44683363.0,0.0,530745.0,0.0
2023-02-10,India,44683363.0,0.0,530745.0,0.0
2023-02-11,India,44683363.0,0.0,530745.0,0.0
2023-02-12,India,44684118.0,755.0,530750.0,5.0
2023-02-13,India,44684118.0,0.0,530750.0,0.0
2023-02-14,India,44684118.0,0.0,530750.0,0.0
2023-02-15,India,44684118.0,0.0,530750.0,0.0
2023-02-16,India,44684118.0,0.0,530750.0,0.0
2023-02-17,India,44684118.0,0.0,530750.0,0.0
2023-02-18,India,44684118.0,0.0,530750.0,0.0
2023-02-19,India,44684917.0,799.0,530760.0,10.0
2023-02-20,India,44684917.0,0.0,530760.0,0.0
2023-02-21,India,44684917.0,0.0,530760.0,0.0
2023-02-22,India,44684917.0,0.0,530760.0,0.0
2023-02-23,India,44684917.0,0.0,530760.0,0.0
2023-02-24,India,44684917.0,0.0,530760.0,0.0
2023-02-25,India,44684917.0,0.0,530760.0,0.0
2023-02-26,India,44686017.0,1100.0,530769.0,9.0
2023-02-27,India,44686017.0,0.0,530769.0,0.0
2023-02-28,India,44686017.0,0.0,530769.0,0.0
2023-03-01,India,44686017.0,0.0,530769.0,0.0
2023-03-02,India,44686017.0,0.0,530769.0,0.0
2023-03-03,India,44686017.0,0.0,530769.0,0.0
2023-03-04,India,44686017.0,0.0,530769.0,0.0
2023-03-05,India,44687820.0,1803.0,530775.0,6.0
2023-03-06,India,44687820.0,0.0,530775.0,0.0
2023-03-07,India,44687820.0,0.0,530775.0,0.0
2023-03-08,India,44687820.0,0.0,530775.0,0.0
2023-03-09,India,44687820.0,0.0,530775.0,0.0
2023-03-10,India,44687820.0,0.0,530775.0,0.0
2023-03-11,India,44687820.0,0.0,530775.0,0.0
2023-03-12,India,44690492.0,2672.0,530781.0,6.0
2023-03-13,India,44690492.0,0.0,530781.0,0.0
2023-03-14,India,44690492.0,0.0,530781.0,0.0
2023-03-15,India,44690492.0,0.0,530781.0,0.0
2023-03-16,India,44690492.0,0.0,530781.0,0.0
2023-03-17,India,44690492.0,0.0,530781.0,0.0
2023-03-18,India,44690492.0,0.0,530781.0,0.0
2023-03-19,India,44695420.0,4928.0,530802.0,21.0
2023-03-20,India,44695420.0,0.0,530802.0,0.0
2023-03-21,India,44695420.0,0.0,530802.0,0.0
2023-03-22,India,44695420.0,0.0,530802.0,0.0
2023-03-23,India,44695420.0,0.0,530802.0,0.0
2023-03-24,India,44695420.0,0.0,530802.0,0.0
2023-03-25,India,44695420.0,0.0,530802.0,0.0
2023-03-26,India,44704147.0,8727.0,530831.0,29.0
2023-03-27,India,44704147.0,0.0,530831.0,0.0
2023-03-28,India,44704147.0,0.0,530831.0,0.0
2023-03-29,India,44704147.0,0.0,530831.0,0.0
2023-03-30,India,44704147.0,0.0,530831.0,0.0
2023-03-31,India,44704147.0,0.0,530831.0,0.0
2023-04-01,India,44704147.0,0.0,530831.0,0.0
2023-04-02,India,44722605.0,18458.0,530881.0,50.0
2023-04-03,India,44722605.0,0.0,530881.0,0.0
2023-04-04,India,44722605.0,0.0,530881.0,0.0
2023-04-05,India,44722605.0,0.0,530881.0,0.0
2023-04-06,India,44722605.0,0.0,530881.0,0.0
2023-04-07,India,44722605.0,0.0,530881.0,0.0
2023-04-08,India,44722605.0,0.0,530881.0,0.0
2023-04-09,India,44756616.0,34011.0,530965.0,84.0
2023-04-10,India,44756616.0,0.0,530965.0,0.0
2023-04-11,India,44756616.0,0.0,530965.0,0.0
2023-04-12,India,44756616.0,0.0,530965.0,0.0
2023-04-13,India,44756616.0,0.0,530965.0,0.0
2023-04-14,India,44756616.0,0.0,530965.0,0.0
2023-04-15,India,44756616.0,0.0,530965.0,0.0
2023-04-16,India,44818115.0,61499.0,531114.0,149.0
2023-04-17,India,44818115.0,0.0,531114.0,0.0
2023-04-18,India,44818115.0,0.0,531114.0,0.0
2023-04-19,India,44818115.0,0.0,531114.0,0.0
2023-04-20,India,44818115.0,0.0,531114.0,0.0
2023-04-21,India,44818115.0,0.0,531114.0,0.0
2023-04-22,India,44818115.0,0.0,531114.0,0.0
2023-04-23,India,44891989.0,73874.0,531329.0,215.0
2023-04-24,India,44891989.0,0.0,531329.0,0.0
2023-04-25,India,44891989.0,0.0,531329.0,0.0
2023-04-26,India,44891989.0,0.0,531329.0,0.0
2023-04-27,India,44891989.0,0.0,531329.0,0.0
2023-04-28,India,44891989.0,0.0,531329.0,0.0
2023-04-29,India,44891989.0,0.0,531329.0,0.0
2023-04-30,India,44945389.0,53400.0,531533.0,204.0
2023-05-01,India,44945389.0,0.0,531533.0,0.0
2023-05-02,India,44945389.0,0.0,531533.0,0.0
2023-05-03,India,44945389.0,0.0,531533.0,0.0
2023-05-04,India,44945389.0,0.0,531533.0,0.0
2023-05-05,India,44945389.0,0.0,531533.0,0.0
2023-05-06,India,44945389.0,0.0,531533.0,0.0
2023-05-07,India,44969630.0,24241.0,531680.0,147.0
2023-05-08,India,44969630.0,0.0,531680.0,0.0
2023-05-09,India,44969630.0,0.0,531680.0,0.0
2023-05-10,India,44969630.0,0.0,531680.0,0.0
2023-05-11,India,44969630.0,0.0,531680.0,0.0
2023-05-12,India,44969630.0,0.0,531680.0,0.0
2023-05-13,India,44969630.0,0.0,531680.0,0.0
2023-05-14,India,44980674.0,11044.0,531770.0,90.0
2023-05-15,India,44980674.0,0.0,531770.0,0.0
2023-05-16,India,44980674.0,0.0,531770.0,0.0
2023-05-17,India,44980674.0,0.0,531770.0,0.0
2023-05-18,India,44980674.0,0.0,531770.0,0.0
2023-05-19,India,44980674.0,0.0,531770.0,0.0
2023-05-20,India,44980674.0,0.0,531770.0,0.0
2023-05-21,India,44986461.0,5787.0,531832.0,62.0
2023-05-22,India,44986461.0,0.0,531832.0,0.0
2023-05-23,India,44986461.0,0.0,531832.0,0.0
2023-05-24,India,44986461.0,0.0,531832.0,0.0
2023-05-25,India,44986461.0,0.0,531832.0,0.0
2023-05-26,India,44986461.0,0.0,531832.0,0.0
2023-05-27,India,44986461.0,0.0,531832.0,0.0
2023-05-28,India,44989744.0,3283.0,531864.0,32.0
2023-05-29,India,44989744.0,0.0,531864.0,0.0
2023-05-30,India,44989744.0,0.0,531864.0,0.0
2023-05-31,India,44989744.0,0.0,531864.0,0.0
2023-06-01,India,44989744.0,0.0,531864.0,0.0
2023-06-02,India,44989744.0,0.0,531864.0,0.0
2023-06-03,India,44989744.0,0.0,531864.0,0.0
2023-06-04,India,44991582.0,1838.0,531880.0,16.0
2023-06-05,India,44991582.0,0.0,531880.0,0.0
2023-06-06,India,44991582.0,0.0,531880.0,0.0
2023-06-07,India,44991582.0,0.0,531880.0,0.0
2023-06-08,India,44991582.0,0.0,531880.0,0.0
2023-06-09,India,44991582.0,0.0,531880.0,0.0
2023-06-10,India,44991582.0,0.0,531880.0,0.0
2023-06-11,India,44992788.0,1206.0,531891.0,11.0
2023-06-12,India,44992788.0,0.0,531891.0,0.0
2023-06-13,India,44992788.0,0.0,531891.0,0.0
2023-06-14,India,44992788.0,0.0,531891.0,0.0
2023-06-15,India,44992788.0,0.0,531891.0,0.0
2023-06-16,India,44992788.0,0.0,531891.0,0.0
2023-06-17,India,44992788.0,0.0,531891.0,0.0
2023-06-18,India,44993480.0,692.0,531895.0,4.0
2023-06-19,India,44993480.0,0.0,531895.0,0.0
2023-06-20,India,44993480.0,0.0,531895.0,0.0
2023-06-21,India,44993480.0,0.0,531895.0,0.0
2023-06-22,India,44993480.0,0.0,531895.0,0.0
2023-06-23,India,44993480.0,0.0,531895.0,0.0
2023-06-24,India,44993480.0,0.0,531895.0,0.0
2023-06-25,India,44993952.0,472.0,531903.0,8.0
2023-06-26,India,44993952.0,0.0,531903.0,0.0
2023-06-27,India,44993952.0,0.0,531903.0,0.0
2023-06-28,India,44993952.0,0.0,531903.0,0.0
2023-06-29,India,44993952.0,0.0,531903.0,0.0
2023-06-30,India,44993952.0,0.0,531903.0,0.0
2023-07-01,India,44993952.0,0.0,531903.0,0.0
2023-07-02,India,44994281.0,329.0,531907.0,4.0
2023-07-03,India,44994281.0,0.0,531907.0,0.0
2023-07-04,India,44994281.0,0.0,531907.0,0.0
2023-07-05,India,44994281.0,0.0,531907.0,0.0
2023-07-06,India,44994281.0,0.0,531907.0,0.0
2023-07-07,India,44994281.0,0.0,531907.0,0.0
2023-07-08,India,44994281.0,0.0,531907.0,0.0
2023-07-09,India,44994575.0,294.0,531913.0,6.0
2023-07-10,India,44994575.0,0.0,531913.0,0.0
2023-07-11,India,44994575.0,0.0,531913.0,0.0
2023-07-12,India,44994575.0,0.0,531913.0,0.0
2023-07-13,India,44994575.0,0.0,531913.0,0.0
2023-07-14,India,44994575.0,0.0,531913.0,0.0
2023-07-15,India,44994575.0,0.0,531913.0,0.0
2023-07-16,India,44994878.0,303.0,531915.0,2.0
2023-07-17,India,44994878.0,0.0,531915.0,0.0
2023-07-18,India,44994878.0,0.0,531915.0,0.0
2023-07-19,India,44994878.0,0.0,531915.0,0.0
2023-07-20,India,44994878.0,0.0,531915.0,0.0
2023-07-21,India,44994878.0,0.0,531915.0,0.0
2023-07-22,India,44994878.0,0.0,531915.0,0.0
2023-07-23,India,44995264.0,386.0,531915.0,0.0
2023-07-24,India,44995264.0,0.0,531915.0,0.0
2023-07-25,India,44995264.0,0.0,531915.0,0.0
2023-07-26,India,44995264.0,0.0,531915.0,0.0
2023-07-27,India,44995264.0,0.0,531915.0,0.0
2023-07-28,India,44995264.0,0.0,531915.0,0.0
2023-07-29,India,44995264.0,0.0,531915.0,0.0
2023-07-30,India,44995588.0,324.0,531916.0,1.0
2023-07-31,India,44995588.0,0.0,531916.0,0.0
2023-08-01,India,44995588.0,0.0,531916.0,0.0
2023-08-02,India,44995588.0,0.0,531916.0,0.0
2023-08-03,India,44995588.0,0.0,531916.0,0.0
2023-08-04,India,44995588.0,0.0,531916.0,0.0
2023-08-05,India,44995588.0,0.0,531916.0,0.0
2023-08-06,India,44995980.0,392.0,531918.0,2.0
2023-08-07,India,44995980.0,0.0,531918.0,0.0
2023-08-08,India,44995980.0,0.0,531918.0,0.0
2023-08-09,India,44995980.0,0.0,531918.0,0.0
2023-08-10,India,44995980.0,0.0,531918.0,0.0
2023-08-11,India,44995980.0,0.0,531918.0,0.0
2023-08-12,India,44995980.0,0.0,531918.0,0.0
2023-08-13,India,44996274.0,294.0,531921.0,3.0
2023-08-14,India,44996274.0,0.0,531921.0,0.0
2023-08-15,India,44996274.0,0.0,531921.0,0.0
2023-08-16,India,44996274.0,0.0,531921.0,0.0
2023-08-17,India,44996274.0,0.0,531921.0,0.0
2023-08-18,India,44996274.0,0.0,531921.0,0.0
2023-08-19,India,44996274.0,0.0,531921.0,0.0
2023-08-20,India,44996599.0,325.0,531925.0,4.0
2023-08-21,India,44996599.0,0.0,531925.0,0.0
2023-08-22,India,44996599.0,0.0,531925.0,0.0
2023-08-23,India,44996599.0,0.0,531925.0,0.0
2023-08-24,India,44996599.0,0.0,531925.0,0.0
2023-08-25,India,44996599.0,0.0,531925.0,0.0
2023-08-26,India,44996599.0,0.0,531925.0,0.0
2023-08-27,India,44996963.0,364.0,531928.0,3.0
2023-08-28,India,44996963.0,0.0,531928.0,0.0
2023-08-29,India,44996963.0,0.0,531928.0,0.0
2023-08-30,India,44996963.0,0.0,531928.0,0.0
2023-08-31,India,44996963.0,0.0,531928.0,0.0
2023-09-01,India,44996963.0,0.0,531928.0,0.0
2023-09-02,India,44996963.0,0.0,531928.0,0.0
2023-09-03,India,44997326.0,363.0,532023.0,95.0
2023-09-04,India,44997326.0,0.0,532023.0,0.0
2023-09-05,India,44997326.0,0.0,532023.0,0.0
2023-09-06,India,44997326.0,0.0,532023.0,0.0
2023-09-07,India,44997326.0,0.0,532023.0,0.0
2023-09-08,India,44997326.0,0.0,532023.0,0.0
2023-09-09,India,44997326.0,0.0,532023.0,0.0
2023-09-10,India,44997710.0,384.0,532027.0,4.0
2023-09-11,India,44997710.0,0.0,532027.0,0.0
2023-09-12,India,44997710.0,0.0,532027.0,0.0
2023-09-13,India,44997710.0,0.0,532027.0,0.0
2023-09-14,India,44997710.0,0.0,532027.0,0.0
2023-09-15,India,44997710.0,0.0,532027.0,0.0
2023-09-16,India,44997710.0,0.0,532027.0,0.0
2023-09-17,India,44998162.0,452.0,532030.0,3.0
2023-09-18,India,44998162.0,0.0,532030.0,0.0
2023-09-19,India,44998162.0,0.0,532030.0,0.0
2023-09-20,India,44998162.0,0.0,532030.0,0.0
2023-09-21,India,44998162.0,0.0,532030.0,0.0
2023-09-22,India,44998162.0,0.0,532030.0,0.0
2023-09-23,India,44998162.0,0.0,532030.0,0.0
2023-09-24,India,44998525.0,363.0,532031.0,1.0
2023-09-25,India,44998525.0,0.0,532031.0,0.0
2023-09-26,India,44998525.0,0.0,532031.0,0.0
2023-09-27,India,44998525.0,0.0,532031.0,0.0
2023-09-28,India,44998525.0,0.0,532031.0,0.0
2023-09-29,India,44998525.0,0.0,532031.0,0.0
2023-09-30,India,44998525.0,0.0,532031.0,0.0
2023-10-01,India,44998838.0,313.0,532032.0,1.0
2023-10-02,India,44998838.0,0.0,532032.0,0.0
2023-10-03,India,44998838.0,0.0,532032.0,0.0
2023-10-04,India,44998838.0,0.0,532032.0,0.0
2023-10-05,India,44998838.0,0.0,532032.0,0.0
2023-10-06,India,44998838.0,0.0,532032.0,0.0
2023-10-07,India,44998838.0,0.0,532032.0,0.0
2023-10-08,India,44999328.0,490.0,532034.0,2.0
2023-10-09,India,44999328.0,0.0,532034.0,0.0
2023-10-10,India,44999328.0,0.0,532034.0,0.0
2023-10-11,India,44999328.0,0.0,532034.0,0.0
2023-10-12,India,44999328.0,0.0,532034.0,0.0
2023-10-13,India,44999328.0,0.0,532034.0,0.0
2023-10-14,India,44999328.0,0.0,532034.0,0.0
2023-10-15,India,44999588.0,260.0,532037.0,3.0
2023-10-16,India,44999588.0,0.0,532037.0,0.0
2023-10-17,India,44999588.0,0.0,532037.0,0.0
2023-10-18,India,44999588.0,0.0,532037.0,0.0
2023-10-19,India,44999588.0,0.0,532037.0,0.0
2023-10-20,India,44999588.0,0.0,532037.0,0.0
2023-10-21,India,44999588.0,0.0,532037.0,0.0
2023-10-22,India,45001052.0,1464.0,533291.0,1254.0
2023-10-23,India,45001052.0,0.0,533291.0,0.0
2023-10-24,India,45001052.0,0.0,533291.0,0.0
2023-10-25,India,45001052.0,0.0,533291.0,0.0
2023-10-26,India,45001052.0,0.0,533291.0,0.0
2023-10-27,India,45001052.0,0.0,533291.0,0.0
2023-10-28,India,45001052.0,0.0,533291.0,0.0
2023-10-29,India,45001245.0,193.0,533293.0,2.0
2023-10-30,India,45001245.0,0.0,533293.0,0.0
2023-10-31,India,45001245.0,0.0,533293.0,0.0
2023-11-01,India,45001245.0,0.0,533293.0,0.0
2023-11-02,India,45001245.0,0.0,533293.0,0.0
2023-11-03,India,45001245.0,0.0,533293.0,0.0
2023-11-04,India,45001245.0,0.0,533293.0,0.0
2023-11-05,India,45001384.0,139.0,533294.0,1.0
2023-11-06,India,45001384.0,0.0,533294.0,0.0
2023-11-07,India,45001384.0,0.0,533294.0,0.0
2023-11-08,India,45001384.0,0.0,533294.0,0.0
2023-11-09,India,45001384.0,0.0,533294.0,0.0
2023-11-10,India,45001384.0,0.0,533294.0,0.0
2023-11-11,India,45001384.0,0.0,533294.0,0.0
2023-11-12,India,45001456.0,72.0,533295.0,1.0
2023-11-13,India,45001456.0,0.0,533295.0,0.0
2023-11-14,India,45001456.0,0.0,533295.0,0.0
2023-11-15,India,45001456.0,0.0,533295.0,0.0
2023-11-16,India,45001456.0,0.0,533295.0,0.0
2023-11-17,India,45001456.0,0.0,533295.0,0.0
2023-11-18,India,45001456.0,0.0,533295.0,0.0
2023-11-19,India,45001575.0,119.0,533295.0,0.0
2023-11-20,India,45001575.0,0.0,533295.0,0.0
2023-11-21,India,45001575.0,0.0,533295.0,0.0
2023-11-22,India,45001575.0,0.0,533295.0,0.0
2023-11-23,India,45001575.0,0.0,533295.0,0.0
2023-11-24,India,45001575.0,0.0,533295.0,0.0
2023-11-25,India,45001575.0,0.0,533295.0,0.0
2023-11-26,India,45001764.0,189.0,533298.0,3.0
2023-11-27,India,45001764.0,0.0,533298.0,0.0
2023-11-28,India,45001764.0,0.0,533298.0,0.0
2023-11-29,India,45001764.0,0.0,533298.0,0.0
2023-11-30,India,45001764.0,0.0,533298.0,0.0
2023-12-01,India,45001764.0,0.0,533298.0,0.0
2023-12-02,India,45001764.0,0.0,533298.0,0.0
2023-12-03,India,45002179.0,415.0,533300.0,2.0
2023-12-04,India,45002179.0,0.0,533300.0,0.0
2023-12-05,India,45002179.0,0.0,533300.0,0.0
2023-12-06,India,45002179.0,0.0,533300.0,0.0
2023-12-07,India,45002179.0,0.0,533300.0,0.0
2023-12-08,India,45002179.0,0.0,533300.0,0.0
2023-12-09,India,45002179.0,0.0,533300.0,0.0
2023-12-10,India,45003055.0,876.0,533306.0,6.0
2023-12-11,India,45003055.0,0.0,533306.0,0.0
2023-12-12,India,45003055.0,0.0,533306.0,0.0
2023-12-13,India,45003055.0,0.0,533306.0,0.0
2023-12-14,India,45003055.0,0.0,533306.0,0.0
2023-12-15,India,45003055.0,0.0,533306.0,0.0
2023-12-16,India,45003055.0,0.0,533306.0,0.0
2023-12-17,India,45004816.0,1761.0,533316.0,10.0
2023-12-18,India,45004816.0,0.0,533316.0,0.0
2023-12-19,India,45004816.0,0.0,533316.0,0.0
2023-12-20,India,45004816.0,0.0,533316.0,0.0
2023-12-21,India,45004816.0,0.0,533316.0,0.0
2023-12-22,India,45004816.0,0.0,533316.0,0.0
2023-12-23,India,45004816.0,0.0,533316.0,0.0
2023-12-24,India,45008620.0,3804.0,533333.0,17.0
2023-12-25,India,45008620.0,0.0,533333.0,0.0
2023-12-26,India,45008620.0,0.0,533333.0,0.0
2023-12-27,India,45008620.0,0.0,533333.0,0.0
2023-12-28,India,45008620.0,0.0,533333.0,0.0
2023-12-29,India,45008620.0,0.0,533333.0,0.0
2023-12-30,India,45008620.0,0.0,533333.0,0.0
2023-12-31,India,45013172.0,4552.0,533361.0,28.0
2024-01-01,India,45013172.0,0.0,533361.0,0.0
2024-01-02,India,45013172.0,0.0,533361.0,0.0
2024-01-03,India,45013172.0,0.0,533361.0,0.0
2024-01-04,India,45013172.0,0.0,533361.0,0.0
2024-01-05,India,45013172.0,0.0,533361.0,0.0
2024-01-06,India,45013172.0,0.0,533361.0,0.0
2024-01-07,India,45018134.0,4962.0,533392.0,31.0
2024-01-08,India,45018134.0,0.0,533392.0,0.0
2024-01-09,India,45018134.0,0.0,533392.0,0.0
2024-01-10,India,45018134.0,0.0,533392.0,0.0
2024-01-11,India,45018134.0,0.0,533392.0,0.0
2024-01-12,India,45018134.0,0.0,533392.0,0.0
2024-01-13,India,45018134.0,0.0,533392.0,0.0
2024-01-14,India,45021758.0,3624.0,533414.0,22.0
2024-01-15,India,45021758.0,0.0,533414.0,0.0
2024-01-16,India,45021758.0,0.0,533414.0,0.0
2024-01-17,India,45021758.0,0.0,533414.0,0.0
2024-01-18,India,45021758.0,0.0,533414.0,0.0
2024-01-19,India,45021758.0,0.0,533414.0,0.0
2024-01-20,India,45021758.0,0.0,533414.0,0.0
2024-01-21,India,45023751.0,1993.0,533434.0,20.0
2024-01-22,India,45023751.0,0.0,533434.0,0.0
2024-01-23,India,45023751.0,0.0,533434.0,0.0
2024-01-24,India,45023751.0,0.0,533434.0,0.0
2024-01-25,India,45023751.0,0.0,533434.0,0.0
2024-01-26,India,45023751.0,0.0,533434.0,0.0
2024-01-27,India,45023751.0,0.0,533434.0,0.0
2024-01-28,India,45025076.0,1325.0,533445.0,11.0
2024-01-29,India,45025076.0,0.0,533445.0,0.0
2024-01-30,India,45025076.0,0.0,533445.0,0.0
2024-01-31,India,45025076.0,0.0,533445.0,0.0
2024-02-01,India,45025076.0,0.0,533445.0,0.0
2024-02-02,India,45025076.0,0.0,533445.0,0.0
2024-02-03,India,45025076.0,0.0,533445.0,0.0
2024-02-04,India,45026139.0,1063.0,533454.0,9.0
2024-02-05,India,45026139.0,0.0,533454.0,0.0
2024-02-06,India,45026139.0,0.0,533454.0,0.0
2024-02-07,India,45026139.0,0.0,533454.0,0.0
2024-02-08,India,45026139.0,0.0,533454.0,0.0
2024-02-09,India,45026139.0,0.0,533454.0,0.0
2024-02-10,India,45026139.0,0.0,533454.0,0.0
2024-02-11,India,45027151.0,1012.0,533462.0,8.0
2024-02-12,India,45027151.0,0.0,533462.0,0.0
2024-02-13,India,45027151.0,0.0,533462.0,0.0
2024-02-14,India,45027151.0,0.0,533462.0,0.0
2024-02-15,India,45027151.0,0.0,533462.0,0.0
2024-02-16,India,45027151.0,0.0,533462.0,0.0
2024-02-17,India,45027151.0,0.0,533462.0,0.0
2024-02-18,India,45028053.0,902.0,533472.0,10.0
2024-02-19,India,45028053.0,0.0,533472.0,0.0
2024-02-20,India,45028053.0,0.0,533472.0,0.0
2024-02-21,India,45028053.0,0.0,533472.0,0.0
2024-02-22,India,45028053.0,0.0,533472.0,0.0
2024-02-23,India,45028053.0,0.0,533472.0,0.0
2024-02-24,India,45028053.0,0.0,533472.0,0.0
2024-02-25,India,45029035.0,982.0,533478.0,6.0
2024-02-26,India,45029035.0,0.0,533478.0,0.0
2024-02-27,India,45029035.0,0.0,533478.0,0.0
2024-02-28,India,45029035.0,0.0,533478.0,0.0
2024-02-29,India,45029035.0,0.0,533478.0,0.0
2024-03-01,India,45029035.0,0.0,533478.0,0.0
2024-03-02,India,45029035.0,0.0,533478.0,0.0
2024-03-03,India,45030212.0,1177.0,533495.0,17.0
2024-03-04,India,45030212.0,0.0,533495.0,0.0
2024-03-05,India,45030212.0,0.0,533495.0,0.0
2024-03-06,India,45030212.0,0.0,533495.0,0.0
2024-03-07,India,45030212.0,0.0,533495.0,0.0
2024-03-08,India,45030212.0,0.0,533495.0,0.0
2024-03-09,India,45030212.0,0.0,533495.0,0.0
2024-03-10,India,45031414.0,1202.0,533510.0,15.0
2024-03-11,India,45031414.0,0.0,533510.0,0.0
2024-03-12,India,45031414.0,0.0,533510.0,0.0
2024-03-13,India,45031414.0,0.0,533510.0,0.0
2024-03-14,India,45031414.0,0.0,533510.0,0.0
2024-03-15,India,45031414.0,0.0,533510.0,0.0
2024-03-16,India,45031414.0,0.0,533510.0,0.0
2024-03-17,India,45032655.0,1241.0,533521.0,11.0
2024-03-18,India,45032655.0,0.0,533521.0,0.0
2024-03-19,India,45032655.0,0.0,533521.0,0.0
2024-03-20,India,45032655.0,0.0,533521.0,0.0
2024-03-21,India,45032655.0,0.0,533521.0,0.0
2024-03-22,India,45032655.0,0.0,533521.0,0.0
2024-03-23,India,45032655.0,0.0,533521.0,0.0
2024-03-24,India,45033644.0,989.0,533539.0,18.0
2024-03-25,India,45033644.0,0.0,533539.0,0.0
2024-03-26,India,45033644.0,0.0,533539.0,0.0
2024-03-27,India,45033644.0,0.0,533539.0,0.0
2024-03-28,India,45033644.0,0.0,533539.0,0.0
2024-03-29,India,45033644.0,0.0,533539.0,0.0
2024-03-30,India,45033644.0,0.0,533539.0,0.0
2024-03-31,India,45034360.0,716.0,533552.0,13.0
2024-04-01,India,45034360.0,0.0,533552.0,0.0
2024-04-02,India,45034360.0,0.0,533552.0,0.0
2024-04-03,India,45034360.0,0.0,533552.0,0.0
2024-04-04,India,45034360.0,0.0,533552.0,0.0
2024-04-05,India,45034360.0,0.0,533552.0,0.0
2024-04-06,India,45034360.0,0.0,533552.0,0.0
2024-04-07,India,45035055.0,695.0,533565.0,13.0
2024-04-08,India,45035055.0,0.0,533565.0,0.0
2024-04-09,India,45035055.0,0.0,533565.0,0.0
2024-04-10,India,45035055.0,0.0,533565.0,0.0
2024-04-11,India,45035055.0,0.0,533565.0,0.0
2024-04-12,India,45035055.0,0.0,533565.0,0.0
2024-04-13,India,45035055.0,0.0,533565.0,0.0
2024-04-14,India,45035573.0,518.0,533574.0,9.0
2024-04-15,India,45035573.0,0.0,533574.0,0.0
2024-04-16,India,45035573.0,0.0,533574.0,0.0
2024-04-17,India,45035573.0,0.0,533574.0,0.0
2024-04-18,India,45035573.0,0.0,533574.0,0.0
2024-04-19,India,45035573.0,0.0,533574.0,0.0
2024-04-20,India,45035573.0,0.0,533574.0,0.0
2024-04-21,India,45036197.0,624.0,533581.0,7.0
2024-04-22,India,45036197.0,0.0,533581.0,0.0
2024-04-23,India,45036197.0,0.0,533581.0,0.0
2024-04-24,India,45036197.0,0.0,533581.0,0.0
2024-04-25,India,45036197.0,0.0,533581.0,0.0
2024-04-26,India,45036197.0,0.0,533581.0,0.0
2024-04-27,India,45036197.0,0.0,533581.0,0.0
2024-04-28,India,45036953.0,756.0,533585.0,4.0
2024-04-29,India,45036953.0,0.0,533585.0,0.0
2024-04-30,India,45036953.0,0.0,533585.0,0.0
2024-05-01,India,45036953.0,0.0,533585.0,0.0
2024-05-02,India,45036953.0,0.0,533585.0,0.0
2024-05-03,India,45036953.0,0.0,533585.0,0.0
2024-05-04,India,45036953.0,0.0,533585.0,0.0
2024-05-05,India,45037776.0,823.0,533589.0,4.0
2024-05-06,India,45037776.0,0.0,533589.0,0.0
2024-05-07,India,45037776.0,0.0,533589.0,0.0
2024-05-08,India,45037776.0,0.0,533589.0,0.0
2024-05-09,India,45037776.0,0.0,533589.0,0.0
2024-05-10,India,45037776.0,0.0,533589.0,0.0
2024-05-11,India,45037776.0,0.0,533589.0,0.0
2024-05-12,India,45038518.0,742.0,533599.0,10.0
2024-05-13,India,45038518.0,0.0,533599.0,0.0
2024-05-14,India,45038518.0,0.0,533599.0,0.0
2024-05-15,India,45038518.0,0.0,533599.0,0.0
2024-05-16,India,45038518.0,0.0,533599.0,0.0
2024-05-17,India,45038518.0,0.0,533599.0,0.0
2024-05-18,India,45038518.0,0.0,533599.0,0.0
2024-05-19,India,45039140.0,622.0,533610.0,11.0
2024-05-20,India,45039140.0,0.0,533610.0,0.0
2024-05-21,India,45039140.0,0.0,533610.0,0.0
2024-05-22,India,45039140.0,0.0,533610.0,0.0
2024-05-23,India,45039140.0,0.0,533610.0,0.0
2024-05-24,India,45039140.0,0.0,533610.0,0.0
2024-05-25,India,45039140.0,0.0,533610.0,0.0
2024-05-26,India,45039510.0,370.0,533612.0,2.0
2024-05-27,India,45039510.0,0.0,533612.0,0.0
2024-05-28,India,45039510.0,0.0,533612.0,0.0
2024-05-29,India,45039510.0,0.0,533612.0,0.0
2024-05-30,India,45039510.0,0.0,533612.0,0.0
2024-05-31,India,45039510.0,0.0,533612.0,0.0
2024-06-01,India,45039510.0,0.0,533612.0,0.0
2024-06-02,India,45039872.0,362.0,533617.0,5.0
2024-06-03,India,45039872.0,0.0,533617.0,0.0
2024-06-04,India,45039872.0,0.0,533617.0,0.0
2024-06-05,India,45039872.0,0.0,533617.0,0.0
2024-06-06,India,45039872.0,0.0,533617.0,0.0
2024-06-07,India,45039872.0,0.0,533617.0,0.0
2024-06-08,India,45039872.0,0.0,533617.0,0.0
2024-06-09,India,45040036.0,164.0,533619.0,2.0
2024-06-10,India,45040036.0,0.0,533619.0,0.0
2024-06-11,India,45040036.0,0.0,533619.0,0.0
2024-06-12,India,45040036.0,0.0,533619.0,0.0
2024-06-13,India,45040036.0,0.0,533619.0,0.0
2024-06-14,India,45040036.0,0.0,533619.0,0.0
2024-06-15,India,45040036.0,0.0,533619.0,0.0
2024-06-16,India,45040074.0,38.0,533619.0,0.0
2024-06-17,India,45040074.0,0.0,533619.0,0.0
2024-06-18,India,45040074.0,0.0,533619.0,0.0
2024-06-19,India,45040074.0,0.0,533619.0,0.0
2024-06-20,India,45040074.0,0.0,533619.0,0.0
2024-06-21,India,45040074.0,0.0,533619.0,0.0
2024-06-22,India,45040074.0,0.0,533619.0,0.0
2024-06-23,India,45040284.0,210.0,533621.0,2.0
2024-06-24,India,45040284.0,0.0,533621.0,0.0
2024-06-25,India,45040284.0,0.0,533621.0,0.0
2024-06-26,India,45040284.0,0.0,533621.0,0.0
2024-06-27,India,45040284.0,0.0,533621.0,0.0
2024-06-28,India,45040284.0,0.0,533621.0,0.0
2024-06-29,India,45040284.0,0.0,533621.0,0.0
2024-06-30,India,45040618.0,334.0,533622.0,1.0
2024-07-01,India,45040618.0,0.0,533622.0,0.0
2024-07-02,India,45040618.0,0.0,533622.0,0.0
2024-07-03,India,45040618.0,0.0,533622.0,0.0
2024-07-04,India,45040618.0,0.0,533622.0,0.0
2024-07-05,India,45040618.0,0.0,533622.0,0.0
2024-07-06,India,45040618.0,0.0,533622.0,0.0
2024-07-07,India,45040752.0,134.0,533622.0,0.0
2024-07-08,India,45040752.0,0.0,533622.0,0.0
2024-07-09,India,45040752.0,0.0,533622.0,0.0
2024-07-10,India,45040752.0,0.0,533622.0,0.0
2024-07-11,India,45040752.0,0.0,533622.0,0.0
2024-07-12,India,45040752.0,0.0,533622.0,0.0
2024-07-13,India,45040752.0,0.0,533622.0,0.0
2024-07-14,India,45040752.0,0.0,533622.0,0.0
2024-07-15,India,45040752.0,0.0,533622.0,0.0
2024-07-16,India,45040752.0,0.0,533622.0,0.0
2024-07-17,India,45040752.0,0.0,533622.0,0.0
2024-07-18,India,45040752.0,0.0,533622.0,0.0
2024-07-19,India,45040752.0,0.0,533622.0,0.0
2024-07-20,India,45040752.0,0.0,533622.0,0.0
2024-07-21,India,45041192.0,440.0,533623.0,1.0
2024-07-22,India,45041192.0,0.0,533623.0,0.0
2024-07-23,India,45041192.0,0.0,533623.0,0.0
2024-07-24,India,45041192.0,0.0,533623.0,0.0
2024-07-25,India,45041192.0,0.0,533623.0,0.0
2024-07-26,India,45041192.0,0.0,533623.0,0.0
2024-07-27,India,45041192.0,0.0,533623.0,0.0
2024-07-28,India,45041435.0,243.0,533623.0,0.0
2024-07-29,India,45041435.0,0.0,533623.0,0.0
2024-07-30,India,45041435.0,0.0,533623.0,0.0
2024-07-31,India,45041435.0,0.0,533623.0,0.0
2024-08-01,India,45041435.0,0.0,533623.0,0.0
2024-08-02,India,45041435.0,0.0,533623.0,0.0
2024-08-03,India,45041435.0,0.0,533623.0,0.0
2024-08-04,India,45041748.0,313.0,533623.0,0.0
2024-08-05,India,0.0,0.0,0.0,0.0
2024-08-06,India,0.0,0.0,0.0,0.0
2024-08-07,India,0.0,0.0,0.0,0.0
2024-08-08,India,0.0,0.0,0.0,0.0
2024-08-09,India,0.0,0.0,0.0,0.0
2024-08-10,India,0.0,0.0,0.0,0.0
2024-08-11,India,0.0,0.0,0.0,0.0
2024-08-12,India,0.0,0.0,0.0,0.0
